0 verbose cli D:\Program Files\nodejs\node.exe D:\工作资料\code\sysSpaider\gakuran-site\.corepack\v1\npm\12.0.2\bin\npm-cli.js
1 info using npm@12.0.2
2 info using node@v24.19.0
3 silly config load:file:D:\工作资料\code\sysSpaider\gakuran-site\.corepack\v1\npm\12.0.2\npmrc
4 silly config load:file:D:\工作资料\code\sysSpaider\gakuran-site\.npmrc
5 silly config load:file:C:\Users\Administrator\.npmrc
6 silly config load:file:D:\Program Files\nodejs\etc\npmrc
7 verbose title npm ci
8 verbose argv "ci" "--ignore-scripts" "--prefer-offline" "--no-audit" "--no-fund"
9 verbose logfile logs-max:10 dir:D:\工作资料\code\sysSpaider\gakuran-site\.npm-cache\_logs\2026-08-21T08_20_15_438Z-
10 verbose logfile D:\工作资料\code\sysSpaider\gakuran-site\.npm-cache\_logs\2026-08-21T08_20_15_438Z-debug-0.log
11 silly logfile done cleaning log files
12 silly packumentCache heap:4496293888 maxSize:1124073472 maxEntrySize:562036736
13 silly packumentCache heap:4496293888 maxSize:1124073472 maxEntrySize:562036736
14 silly idealTree buildDeps
15 silly reify moves {}
16 http cache zod-validation-error@https://registry.npmmirror.com/zod-validation-error/-/zod-validation-error-4.0.2.tgz 0ms (cache hit)
17 http cache youch@https://registry.npmmirror.com/youch/-/youch-4.1.0-beta.10.tgz 0ms (cache hit)
18 http cache youch-core@https://registry.npmmirror.com/youch-core/-/youch-core-0.3.3.tgz 0ms (cache hit)
19 http cache zod@https://registry.npmmirror.com/zod/-/zod-4.4.3.tgz 0ms (cache hit)
20 http cache yocto-queue@https://registry.npmmirror.com/yocto-queue/-/yocto-queue-0.1.0.tgz 0ms (cache hit)
21 http cache yoga-layout@https://registry.npmmirror.com/yoga-layout/-/yoga-layout-3.2.1.tgz 0ms (cache hit)
22 http cache yallist@https://registry.npmmirror.com/yallist/-/yallist-3.1.1.tgz 0ms (cache hit)
23 http cache ws@https://registry.npmmirror.com/ws/-/ws-8.18.0.tgz 0ms (cache hit)
24 http cache wrangler@https://registry.npmmirror.com/wrangler/-/wrangler-4.92.0.tgz 0ms (cache hit)
25 http cache workerd@https://registry.npmmirror.com/workerd/-/workerd-1.20260515.1.tgz 0ms (cache hit)
26 http cache word-wrap@https://registry.npmmirror.com/word-wrap/-/word-wrap-1.2.5.tgz 0ms (cache hit)
27 http cache which-typed-array@https://registry.npmmirror.com/which-typed-array/-/which-typed-array-1.1.20.tgz 0ms (cache hit)
28 http cache which-collection@https://registry.npmmirror.com/which-collection/-/which-collection-1.0.2.tgz 0ms (cache hit)
29 http cache which-builtin-type@https://registry.npmmirror.com/which-builtin-type/-/which-builtin-type-1.2.1.tgz 0ms (cache hit)
30 http cache which@https://registry.npmmirror.com/which/-/which-2.0.2.tgz 0ms (cache hit)
31 http cache which-boxed-primitive@https://registry.npmmirror.com/which-boxed-primitive/-/which-boxed-primitive-1.1.1.tgz 0ms (cache hit)
32 http cache webpack-sources@https://registry.npmmirror.com/webpack-sources/-/webpack-sources-3.4.1.tgz 0ms (cache hit)
33 http cache webpack@https://registry.npmmirror.com/webpack/-/webpack-5.106.2.tgz 0ms (cache hit)
34 http cache web-vitals@https://registry.npmmirror.com/web-vitals/-/web-vitals-4.2.4.tgz 0ms (cache hit)
35 http cache vitefu@https://registry.npmmirror.com/vitefu/-/vitefu-1.1.3.tgz 0ms (cache hit)
36 http cache watchpack@https://registry.npmmirror.com/watchpack/-/watchpack-2.5.1.tgz 0ms (cache hit)
37 http cache vite-plugin-dynamic-import@https://registry.npmmirror.com/vite-plugin-dynamic-import/-/vite-plugin-dynamic-import-1.6.0.tgz 0ms (cache hit)
38 http cache vite-plugin-commonjs@https://registry.npmmirror.com/vite-plugin-commonjs/-/vite-plugin-commonjs-0.10.4.tgz 0ms (cache hit)
39 http cache vite@https://registry.npmmirror.com/vite/-/vite-8.0.13.tgz 0ms (cache hit)
40 http cache uri-js@https://registry.npmmirror.com/uri-js/-/uri-js-4.4.1.tgz 0ms (cache hit)
41 http cache vinext@https://registry.npmmirror.com/vinext/-/vinext-1.0.0-beta.2.tgz 0ms (cache hit)
42 http cache update-browserslist-db@https://registry.npmmirror.com/update-browserslist-db/-/update-browserslist-db-1.2.3.tgz 0ms (cache hit)
43 http cache unicode-trie@https://registry.npmmirror.com/unicode-trie/-/unicode-trie-2.0.0.tgz 0ms (cache hit)
44 http cache unpic@https://registry.npmmirror.com/unpic/-/unpic-4.2.2.tgz 0ms (cache hit)
45 http cache unenv@https://registry.npmmirror.com/unenv/-/unenv-2.0.0-rc.24.tgz 0ms (cache hit)
46 http cache undici-types@https://registry.npmmirror.com/undici-types/-/undici-types-6.21.0.tgz 0ms (cache hit)
47 http cache undici@https://registry.npmmirror.com/undici/-/undici-7.24.8.tgz 0ms (cache hit)
48 http cache typescript-eslint@https://registry.npmmirror.com/typescript-eslint/-/typescript-eslint-8.59.3.tgz 0ms (cache hit)
49 http cache unbox-primitive@https://registry.npmmirror.com/unbox-primitive/-/unbox-primitive-1.1.0.tgz 0ms (cache hit)
50 http cache typescript@https://registry.npmmirror.com/typescript/-/typescript-5.9.3.tgz 0ms (cache hit)
51 http cache typed-array-length@https://registry.npmmirror.com/typed-array-length/-/typed-array-length-1.0.7.tgz 0ms (cache hit)
52 http cache typed-array-byte-offset@https://registry.npmmirror.com/typed-array-byte-offset/-/typed-array-byte-offset-1.0.4.tgz 0ms (cache hit)
53 http cache typed-array-byte-length@https://registry.npmmirror.com/typed-array-byte-length/-/typed-array-byte-length-1.0.3.tgz 0ms (cache hit)
54 http cache typed-array-buffer@https://registry.npmmirror.com/typed-array-buffer/-/typed-array-buffer-1.0.3.tgz 0ms (cache hit)
55 http cache type-check@https://registry.npmmirror.com/type-check/-/type-check-0.4.0.tgz 0ms (cache hit)
56 http cache turbo-stream@https://registry.npmmirror.com/turbo-stream/-/turbo-stream-3.2.0.tgz 0ms (cache hit)
57 http cache tsx@https://registry.npmmirror.com/tsx/-/tsx-4.22.1.tgz 0ms (cache hit)
58 http cache ts-api-utils@https://registry.npmmirror.com/ts-api-utils/-/ts-api-utils-2.5.0.tgz 0ms (cache hit)
59 http cache to-regex-range@https://registry.npmmirror.com/to-regex-range/-/to-regex-range-5.0.1.tgz 0ms (cache hit)
60 http cache tinyglobby@https://registry.npmmirror.com/tinyglobby/-/tinyglobby-0.2.16.tgz 0ms (cache hit)
61 http cache tiny-inflate@https://registry.npmmirror.com/tiny-inflate/-/tiny-inflate-1.0.3.tgz 0ms (cache hit)
62 http cache terser@https://registry.npmmirror.com/terser/-/terser-5.47.1.tgz 0ms (cache hit)
63 http cache tapable@https://registry.npmmirror.com/tapable/-/tapable-2.3.3.tgz 0ms (cache hit)
64 http cache tailwindcss@https://registry.npmmirror.com/tailwindcss/-/tailwindcss-4.2.1.tgz 0ms (cache hit)
65 http cache terser-webpack-plugin@https://registry.npmmirror.com/terser-webpack-plugin/-/terser-webpack-plugin-5.6.0.tgz 0ms (cache hit)
66 http cache supports-color@https://registry.npmmirror.com/supports-color/-/supports-color-7.2.0.tgz 0ms (cache hit)
67 http cache strip-literal@https://registry.npmmirror.com/strip-literal/-/strip-literal-3.1.0.tgz 0ms (cache hit)
68 http cache supports-preserve-symlinks-flag@https://registry.npmmirror.com/supports-preserve-symlinks-flag/-/supports-preserve-symlinks-flag-1.0.0.tgz 0ms (cache hit)
69 http cache strip-json-comments@https://registry.npmmirror.com/strip-json-comments/-/strip-json-comments-3.1.1.tgz 0ms (cache hit)
70 http cache string.prototype.trimstart@https://registry.npmmirror.com/string.prototype.trimstart/-/string.prototype.trimstart-1.0.8.tgz 0ms (cache hit)
71 http cache string.prototype.repeat@https://registry.npmmirror.com/string.prototype.repeat/-/string.prototype.repeat-1.0.0.tgz 0ms (cache hit)
72 http cache string.prototype.matchall@https://registry.npmmirror.com/string.prototype.matchall/-/string.prototype.matchall-4.0.12.tgz 0ms (cache hit)
73 http cache string.prototype.trim@https://registry.npmmirror.com/string.prototype.trim/-/string.prototype.trim-1.2.10.tgz 0ms (cache hit)
74 http cache string.prototype.includes@https://registry.npmmirror.com/string.prototype.includes/-/string.prototype.includes-2.0.1.tgz 0ms (cache hit)
75 http cache string.prototype.codepointat@https://registry.npmmirror.com/string.prototype.codepointat/-/string.prototype.codepointat-0.2.1.tgz 0ms (cache hit)
76 http cache string.prototype.trimend@https://registry.npmmirror.com/string.prototype.trimend/-/string.prototype.trimend-1.0.9.tgz 0ms (cache hit)
77 http cache stop-iteration-iterator@https://registry.npmmirror.com/stop-iteration-iterator/-/stop-iteration-iterator-1.1.0.tgz 0ms (cache hit)
78 http cache srvx@https://registry.npmmirror.com/srvx/-/srvx-0.11.15.tgz 0ms (cache hit)
79 http cache source-map-support@https://registry.npmmirror.com/source-map-support/-/source-map-support-0.5.21.tgz 0ms (cache hit)
80 http cache source-map@https://registry.npmmirror.com/source-map/-/source-map-0.6.1.tgz 0ms (cache hit)
81 http cache source-map-js@https://registry.npmmirror.com/source-map-js/-/source-map-js-1.2.1.tgz 0ms (cache hit)
82 http cache side-channel-map@https://registry.npmmirror.com/side-channel-map/-/side-channel-map-1.0.1.tgz 0ms (cache hit)
83 http cache side-channel-list@https://registry.npmmirror.com/side-channel-list/-/side-channel-list-1.0.1.tgz 0ms (cache hit)
84 http cache side-channel-weakmap@https://registry.npmmirror.com/side-channel-weakmap/-/side-channel-weakmap-1.0.2.tgz 0ms (cache hit)
85 http cache side-channel@https://registry.npmmirror.com/side-channel/-/side-channel-1.1.0.tgz 0ms (cache hit)
86 http cache shebang-regex@https://registry.npmmirror.com/shebang-regex/-/shebang-regex-3.0.0.tgz 0ms (cache hit)
87 http cache shebang-command@https://registry.npmmirror.com/shebang-command/-/shebang-command-2.0.0.tgz 0ms (cache hit)
88 http cache sharp@https://registry.npmmirror.com/sharp/-/sharp-0.34.5.tgz 0ms (cache hit)
89 http cache set-proto@https://registry.npmmirror.com/set-proto/-/set-proto-1.0.0.tgz 0ms (cache hit)
90 http cache set-function-name@https://registry.npmmirror.com/set-function-name/-/set-function-name-2.0.2.tgz 0ms (cache hit)
91 http cache set-function-length@https://registry.npmmirror.com/set-function-length/-/set-function-length-1.2.2.tgz 0ms (cache hit)
92 http cache semver@https://registry.npmmirror.com/semver/-/semver-6.3.1.tgz 0ms (cache hit)
93 http cache schema-utils@https://registry.npmmirror.com/schema-utils/-/schema-utils-4.3.3.tgz 0ms (cache hit)
94 http cache scheduler@https://registry.npmmirror.com/scheduler/-/scheduler-0.27.0.tgz 0ms (cache hit)
95 http cache satori@https://registry.npmmirror.com/satori/-/satori-0.16.0.tgz 0ms (cache hit)
96 http cache safe-regex-test@https://registry.npmmirror.com/safe-regex-test/-/safe-regex-test-1.1.0.tgz 0ms (cache hit)
97 http cache safe-push-apply@https://registry.npmmirror.com/safe-push-apply/-/safe-push-apply-1.0.0.tgz 0ms (cache hit)
98 http cache safe-array-concat@https://registry.npmmirror.com/safe-array-concat/-/safe-array-concat-1.1.4.tgz 0ms (cache hit)
99 http cache run-parallel@https://registry.npmmirror.com/run-parallel/-/run-parallel-1.2.0.tgz 0ms (cache hit)
100 http cache rolldown@https://registry.npmmirror.com/rolldown/-/rolldown-1.0.1.tgz 0ms (cache hit)
101 http cache reusify@https://registry.npmmirror.com/reusify/-/reusify-1.1.0.tgz 0ms (cache hit)
102 http cache resolve-pkg-maps@https://registry.npmmirror.com/resolve-pkg-maps/-/resolve-pkg-maps-1.0.0.tgz 0ms (cache hit)
103 http cache resolve-from@https://registry.npmmirror.com/resolve-from/-/resolve-from-4.0.0.tgz 0ms (cache hit)
104 http cache resolve@https://registry.npmmirror.com/resolve/-/resolve-2.0.0-next.7.tgz 0ms (cache hit)
105 http cache require-from-string@https://registry.npmmirror.com/require-from-string/-/require-from-string-2.0.2.tgz 0ms (cache hit)
106 http cache regexp.prototype.flags@https://registry.npmmirror.com/regexp.prototype.flags/-/regexp.prototype.flags-1.5.4.tgz 0ms (cache hit)
107 http cache reflect.getprototypeof@https://registry.npmmirror.com/reflect.getprototypeof/-/reflect.getprototypeof-1.0.10.tgz 0ms (cache hit)
108 http cache react-server-dom-webpack@https://registry.npmmirror.com/react-server-dom-webpack/-/react-server-dom-webpack-19.2.6.tgz 0ms (cache hit)
109 http cache react-loading-skeleton@https://registry.npmmirror.com/react-loading-skeleton/-/react-loading-skeleton-3.5.0.tgz 0ms (cache hit)
110 http cache react-dom@https://registry.npmmirror.com/react-dom/-/react-dom-19.2.6.tgz 0ms (cache hit)
111 http cache react@https://registry.npmmirror.com/react/-/react-19.2.6.tgz 0ms (cache hit)
112 http cache react-is@https://registry.npmmirror.com/react-is/-/react-is-16.13.1.tgz 0ms (cache hit)
113 http cache punycode@https://registry.npmmirror.com/punycode/-/punycode-2.3.1.tgz 0ms (cache hit)
114 http cache queue-microtask@https://registry.npmmirror.com/queue-microtask/-/queue-microtask-1.2.3.tgz 0ms (cache hit)
115 http cache prop-types@https://registry.npmmirror.com/prop-types/-/prop-types-15.8.1.tgz 0ms (cache hit)
116 http cache prelude-ls@https://registry.npmmirror.com/prelude-ls/-/prelude-ls-1.2.1.tgz 0ms (cache hit)
117 http cache postcss-value-parser@https://registry.npmmirror.com/postcss-value-parser/-/postcss-value-parser-4.2.0.tgz 0ms (cache hit)
118 http cache postcss@https://registry.npmmirror.com/postcss/-/postcss-8.5.14.tgz 0ms (cache hit)
119 http cache possible-typed-array-names@https://registry.npmmirror.com/possible-typed-array-names/-/possible-typed-array-names-1.1.0.tgz 0ms (cache hit)
120 http cache picomatch@https://registry.npmmirror.com/picomatch/-/picomatch-2.3.2.tgz 0ms (cache hit)
121 http cache picocolors@https://registry.npmmirror.com/picocolors/-/picocolors-1.1.1.tgz 0ms (cache hit)
122 http cache pathe@https://registry.npmmirror.com/pathe/-/pathe-2.0.3.tgz 0ms (cache hit)
123 http cache path-to-regexp@https://registry.npmmirror.com/path-to-regexp/-/path-to-regexp-6.3.0.tgz 0ms (cache hit)
124 http cache path-parse@https://registry.npmmirror.com/path-parse/-/path-parse-1.0.7.tgz 0ms (cache hit)
125 http cache path-key@https://registry.npmmirror.com/path-key/-/path-key-3.1.1.tgz 0ms (cache hit)
126 http cache path-exists@https://registry.npmmirror.com/path-exists/-/path-exists-4.0.0.tgz 0ms (cache hit)
127 http cache parse-css-color@https://registry.npmmirror.com/parse-css-color/-/parse-css-color-0.2.1.tgz 0ms (cache hit)
128 http cache parent-module@https://registry.npmmirror.com/parent-module/-/parent-module-1.0.1.tgz 0ms (cache hit)
129 http cache pako@https://registry.npmmirror.com/pako/-/pako-0.2.9.tgz 0ms (cache hit)
130 http cache p-locate@https://registry.npmmirror.com/p-locate/-/p-locate-5.0.0.tgz 0ms (cache hit)
131 http cache p-limit@https://registry.npmmirror.com/p-limit/-/p-limit-3.1.0.tgz 0ms (cache hit)
132 http cache own-keys@https://registry.npmmirror.com/own-keys/-/own-keys-1.0.1.tgz 0ms (cache hit)
133 http cache object.values@https://registry.npmmirror.com/object.values/-/object.values-1.2.1.tgz 0ms (cache hit)
134 http cache optionator@https://registry.npmmirror.com/optionator/-/optionator-0.9.4.tgz 0ms (cache hit)
135 http cache object.fromentries@https://registry.npmmirror.com/object.fromentries/-/object.fromentries-2.0.8.tgz 0ms (cache hit)
136 http cache object.entries@https://registry.npmmirror.com/object.entries/-/object.entries-1.1.9.tgz 0ms (cache hit)
137 http cache object.assign@https://registry.npmmirror.com/object.assign/-/object.assign-4.1.7.tgz 0ms (cache hit)
138 http cache object-inspect@https://registry.npmmirror.com/object-inspect/-/object-inspect-1.13.4.tgz 0ms (cache hit)
139 http cache object-keys@https://registry.npmmirror.com/object-keys/-/object-keys-1.1.1.tgz 0ms (cache hit)
140 http cache object-assign@https://registry.npmmirror.com/object-assign/-/object-assign-4.1.1.tgz 0ms (cache hit)
141 http cache node-releases@https://registry.npmmirror.com/node-releases/-/node-releases-2.0.44.tgz 0ms (cache hit)
142 http cache node-exports-info@https://registry.npmmirror.com/node-exports-info/-/node-exports-info-1.6.0.tgz 0ms (cache hit)
143 http cache neo-async@https://registry.npmmirror.com/neo-async/-/neo-async-2.6.2.tgz 0ms (cache hit)
144 http cache natural-compare@https://registry.npmmirror.com/natural-compare/-/natural-compare-1.4.0.tgz 0ms (cache hit)
145 http cache nanoid@https://registry.npmmirror.com/nanoid/-/nanoid-3.3.12.tgz 0ms (cache hit)
146 http cache ms@https://registry.npmmirror.com/ms/-/ms-2.1.3.tgz 0ms (cache hit)
147 http cache miniflare@https://registry.npmmirror.com/miniflare/-/miniflare-4.20260515.0.tgz 0ms (cache hit)
148 http cache minimatch@https://registry.npmmirror.com/minimatch/-/minimatch-3.1.5.tgz 0ms (cache hit)
149 http cache mime-db@https://registry.npmmirror.com/mime-db/-/mime-db-1.54.0.tgz 0ms (cache hit)
150 http cache micromatch@https://registry.npmmirror.com/micromatch/-/micromatch-4.0.8.tgz 0ms (cache hit)
151 http cache merge2@https://registry.npmmirror.com/merge2/-/merge2-1.4.1.tgz 0ms (cache hit)
152 http cache math-intrinsics@https://registry.npmmirror.com/math-intrinsics/-/math-intrinsics-1.1.0.tgz 0ms (cache hit)
153 http cache merge-stream@https://registry.npmmirror.com/merge-stream/-/merge-stream-2.0.0.tgz 0ms (cache hit)
154 http cache magic-string@https://registry.npmmirror.com/magic-string/-/magic-string-0.30.21.tgz 0ms (cache hit)
155 http cache lru-cache@https://registry.npmmirror.com/lru-cache/-/lru-cache-5.1.1.tgz 0ms (cache hit)
156 http cache loose-envify@https://registry.npmmirror.com/loose-envify/-/loose-envify-1.4.0.tgz 0ms (cache hit)
157 http cache lodash.merge@https://registry.npmmirror.com/lodash.merge/-/lodash.merge-4.6.2.tgz 0ms (cache hit)
158 http cache locate-path@https://registry.npmmirror.com/locate-path/-/locate-path-6.0.0.tgz 0ms (cache hit)
159 http cache loader-runner@https://registry.npmmirror.com/loader-runner/-/loader-runner-4.3.2.tgz 0ms (cache hit)
160 http cache linebreak@https://registry.npmmirror.com/linebreak/-/linebreak-1.1.0.tgz 0ms (cache hit)
161 http cache lightningcss-win32-x64-msvc@https://registry.npmmirror.com/lightningcss-win32-x64-msvc/-/lightningcss-win32-x64-msvc-1.31.1.tgz 0ms (cache hit)
162 http cache lightningcss@https://registry.npmmirror.com/lightningcss/-/lightningcss-1.31.1.tgz 0ms (cache hit)
163 http cache levn@https://registry.npmmirror.com/levn/-/levn-0.4.1.tgz 0ms (cache hit)
164 http cache language-tags@https://registry.npmmirror.com/language-tags/-/language-tags-1.0.9.tgz 0ms (cache hit)
165 http cache language-subtag-registry@https://registry.npmmirror.com/language-subtag-registry/-/language-subtag-registry-0.3.23.tgz 0ms (cache hit)
166 http cache kleur@https://registry.npmmirror.com/kleur/-/kleur-4.1.5.tgz 0ms (cache hit)
167 http cache keyv@https://registry.npmmirror.com/keyv/-/keyv-4.5.4.tgz 0ms (cache hit)
168 http cache jsx-ast-utils@https://registry.npmmirror.com/jsx-ast-utils/-/jsx-ast-utils-3.3.5.tgz 0ms (cache hit)
169 http cache json-stable-stringify-without-jsonify@https://registry.npmmirror.com/json-stable-stringify-without-jsonify/-/json-stable-stringify-without-jsonify-1.0.1.tgz 0ms (cache hit)
170 http cache json-schema-traverse@https://registry.npmmirror.com/json-schema-traverse/-/json-schema-traverse-0.4.1.tgz 0ms (cache hit)
171 http cache json-buffer@https://registry.npmmirror.com/json-buffer/-/json-buffer-3.0.1.tgz 0ms (cache hit)
172 http cache jsesc@https://registry.npmmirror.com/jsesc/-/jsesc-3.1.0.tgz 0ms (cache hit)
173 http cache json5@https://registry.npmmirror.com/json5/-/json5-2.2.3.tgz 0ms (cache hit)
174 http cache js-yaml@https://registry.npmmirror.com/js-yaml/-/js-yaml-4.1.1.tgz 0ms (cache hit)
175 http cache js-tokens@https://registry.npmmirror.com/js-tokens/-/js-tokens-4.0.0.tgz 0ms (cache hit)
176 http cache jest-worker@https://registry.npmmirror.com/jest-worker/-/jest-worker-27.5.1.tgz 0ms (cache hit)
177 http cache iterator.prototype@https://registry.npmmirror.com/iterator.prototype/-/iterator.prototype-1.1.5.tgz 0ms (cache hit)
178 http cache jiti@https://registry.npmmirror.com/jiti/-/jiti-2.7.0.tgz 0ms (cache hit)
179 http cache isexe@https://registry.npmmirror.com/isexe/-/isexe-2.0.0.tgz 0ms (cache hit)
180 http cache is-weakset@https://registry.npmmirror.com/is-weakset/-/is-weakset-2.0.4.tgz 0ms (cache hit)
181 http cache isarray@https://registry.npmmirror.com/isarray/-/isarray-2.0.5.tgz 0ms (cache hit)
182 http cache is-weakmap@https://registry.npmmirror.com/is-weakmap/-/is-weakmap-2.0.2.tgz 0ms (cache hit)
183 http cache is-weakref@https://registry.npmmirror.com/is-weakref/-/is-weakref-1.1.1.tgz 0ms (cache hit)
184 http cache is-typed-array@https://registry.npmmirror.com/is-typed-array/-/is-typed-array-1.1.15.tgz 0ms (cache hit)
185 http cache is-symbol@https://registry.npmmirror.com/is-symbol/-/is-symbol-1.1.1.tgz 0ms (cache hit)
186 http cache is-string@https://registry.npmmirror.com/is-string/-/is-string-1.1.1.tgz 0ms (cache hit)
187 http cache is-set@https://registry.npmmirror.com/is-set/-/is-set-2.0.3.tgz 0ms (cache hit)
188 http cache is-regex@https://registry.npmmirror.com/is-regex/-/is-regex-1.2.1.tgz 0ms (cache hit)
189 http cache is-shared-array-buffer@https://registry.npmmirror.com/is-shared-array-buffer/-/is-shared-array-buffer-1.0.4.tgz 0ms (cache hit)
190 http cache is-number-object@https://registry.npmmirror.com/is-number-object/-/is-number-object-1.1.1.tgz 0ms (cache hit)
191 http cache is-negative-zero@https://registry.npmmirror.com/is-negative-zero/-/is-negative-zero-2.0.3.tgz 0ms (cache hit)
192 http cache is-number@https://registry.npmmirror.com/is-number/-/is-number-7.0.0.tgz 0ms (cache hit)
193 http cache is-glob@https://registry.npmmirror.com/is-glob/-/is-glob-4.0.3.tgz 0ms (cache hit)
194 http cache is-generator-function@https://registry.npmmirror.com/is-generator-function/-/is-generator-function-1.1.2.tgz 0ms (cache hit)
195 http cache is-map@https://registry.npmmirror.com/is-map/-/is-map-2.0.3.tgz 0ms (cache hit)
196 http cache is-finalizationregistry@https://registry.npmmirror.com/is-finalizationregistry/-/is-finalizationregistry-1.1.1.tgz 0ms (cache hit)
197 http cache is-date-object@https://registry.npmmirror.com/is-date-object/-/is-date-object-1.1.0.tgz 0ms (cache hit)
198 http cache is-extglob@https://registry.npmmirror.com/is-extglob/-/is-extglob-2.1.1.tgz 0ms (cache hit)
199 http cache is-core-module@https://registry.npmmirror.com/is-core-module/-/is-core-module-2.16.2.tgz 0ms (cache hit)
200 http cache is-data-view@https://registry.npmmirror.com/is-data-view/-/is-data-view-1.0.2.tgz 0ms (cache hit)
201 http cache is-callable@https://registry.npmmirror.com/is-callable/-/is-callable-1.2.7.tgz 0ms (cache hit)
202 http cache is-boolean-object@https://registry.npmmirror.com/is-boolean-object/-/is-boolean-object-1.2.2.tgz 0ms (cache hit)
203 http cache is-bigint@https://registry.npmmirror.com/is-bigint/-/is-bigint-1.1.0.tgz 0ms (cache hit)
204 http cache is-async-function@https://registry.npmmirror.com/is-async-function/-/is-async-function-2.1.1.tgz 0ms (cache hit)
205 http cache is-array-buffer@https://registry.npmmirror.com/is-array-buffer/-/is-array-buffer-3.0.5.tgz 0ms (cache hit)
206 http cache ipaddr.js@https://registry.npmmirror.com/ipaddr.js/-/ipaddr.js-2.4.0.tgz 0ms (cache hit)
207 http cache internal-slot@https://registry.npmmirror.com/internal-slot/-/internal-slot-1.1.0.tgz 0ms (cache hit)
208 http cache import-fresh@https://registry.npmmirror.com/import-fresh/-/import-fresh-3.3.1.tgz 0ms (cache hit)
209 http cache imurmurhash@https://registry.npmmirror.com/imurmurhash/-/imurmurhash-0.1.4.tgz 0ms (cache hit)
210 http cache ignore@https://registry.npmmirror.com/ignore/-/ignore-5.3.2.tgz 0ms (cache hit)
211 http cache image-size@https://registry.npmmirror.com/image-size/-/image-size-2.0.2.tgz 0ms (cache hit)
212 http cache hex-rgb@https://registry.npmmirror.com/hex-rgb/-/hex-rgb-4.3.0.tgz 0ms (cache hit)
213 http cache hermes-parser@https://registry.npmmirror.com/hermes-parser/-/hermes-parser-0.25.1.tgz 0ms (cache hit)
214 http cache hermes-estree@https://registry.npmmirror.com/hermes-estree/-/hermes-estree-0.25.1.tgz 0ms (cache hit)
215 http cache hasown@https://registry.npmmirror.com/hasown/-/hasown-2.0.3.tgz 0ms (cache hit)
216 http cache has-tostringtag@https://registry.npmmirror.com/has-tostringtag/-/has-tostringtag-1.0.2.tgz 0ms (cache hit)
217 http cache has-symbols@https://registry.npmmirror.com/has-symbols/-/has-symbols-1.1.0.tgz 0ms (cache hit)
218 http cache has-proto@https://registry.npmmirror.com/has-proto/-/has-proto-1.2.0.tgz 0ms (cache hit)
219 http cache has-property-descriptors@https://registry.npmmirror.com/has-property-descriptors/-/has-property-descriptors-1.0.2.tgz 0ms (cache hit)
220 http cache has-flag@https://registry.npmmirror.com/has-flag/-/has-flag-4.0.0.tgz 0ms (cache hit)
221 http cache has-bigints@https://registry.npmmirror.com/has-bigints/-/has-bigints-1.1.0.tgz 0ms (cache hit)
222 http cache gopd@https://registry.npmmirror.com/gopd/-/gopd-1.2.0.tgz 0ms (cache hit)
223 http cache graceful-fs@https://registry.npmmirror.com/graceful-fs/-/graceful-fs-4.2.11.tgz 0ms (cache hit)
224 http cache globalthis@https://registry.npmmirror.com/globalthis/-/globalthis-1.0.4.tgz 0ms (cache hit)
225 http cache globals@https://registry.npmmirror.com/globals/-/globals-16.4.0.tgz 0ms (cache hit)
226 http cache glob-parent@https://registry.npmmirror.com/glob-parent/-/glob-parent-6.0.2.tgz 0ms (cache hit)
227 http cache glob-to-regexp@https://registry.npmmirror.com/glob-to-regexp/-/glob-to-regexp-0.4.1.tgz 0ms (cache hit)
228 http cache get-proto@https://registry.npmmirror.com/get-proto/-/get-proto-1.0.1.tgz 0ms (cache hit)
229 http cache get-tsconfig@https://registry.npmmirror.com/get-tsconfig/-/get-tsconfig-4.14.0.tgz 0ms (cache hit)
230 http cache get-symbol-description@https://registry.npmmirror.com/get-symbol-description/-/get-symbol-description-1.1.0.tgz 0ms (cache hit)
231 http cache generator-function@https://registry.npmmirror.com/generator-function/-/generator-function-2.0.1.tgz 0ms (cache hit)
232 http cache gensync@https://registry.npmmirror.com/gensync/-/gensync-1.0.0-beta.2.tgz 0ms (cache hit)
233 http cache get-intrinsic@https://registry.npmmirror.com/get-intrinsic/-/get-intrinsic-1.3.0.tgz 0ms (cache hit)
234 http cache function.prototype.name@https://registry.npmmirror.com/function.prototype.name/-/function.prototype.name-1.1.8.tgz 0ms (cache hit)
235 http cache functions-have-names@https://registry.npmmirror.com/functions-have-names/-/functions-have-names-1.2.3.tgz 0ms (cache hit)
236 http cache function-bind@https://registry.npmmirror.com/function-bind/-/function-bind-1.1.2.tgz 0ms (cache hit)
237 http cache flatted@https://registry.npmmirror.com/flatted/-/flatted-3.4.2.tgz 0ms (cache hit)
238 http cache for-each@https://registry.npmmirror.com/for-each/-/for-each-0.3.5.tgz 0ms (cache hit)
239 http cache flat-cache@https://registry.npmmirror.com/flat-cache/-/flat-cache-4.0.1.tgz 0ms (cache hit)
240 http cache fill-range@https://registry.npmmirror.com/fill-range/-/fill-range-7.1.1.tgz 0ms (cache hit)
241 http cache find-up@https://registry.npmmirror.com/find-up/-/find-up-5.0.0.tgz 0ms (cache hit)
242 http cache fflate@https://registry.npmmirror.com/fflate/-/fflate-0.7.4.tgz 0ms (cache hit)
243 http cache file-entry-cache@https://registry.npmmirror.com/file-entry-cache/-/file-entry-cache-8.0.0.tgz 0ms (cache hit)
244 http cache fastq@https://registry.npmmirror.com/fastq/-/fastq-1.20.1.tgz 0ms (cache hit)
245 http cache fast-uri@https://registry.npmmirror.com/fast-uri/-/fast-uri-3.1.2.tgz 0ms (cache hit)
246 http cache fast-levenshtein@https://registry.npmmirror.com/fast-levenshtein/-/fast-levenshtein-2.0.6.tgz 0ms (cache hit)
247 http cache fast-json-stable-stringify@https://registry.npmmirror.com/fast-json-stable-stringify/-/fast-json-stable-stringify-2.1.0.tgz 0ms (cache hit)
248 http cache fast-deep-equal@https://registry.npmmirror.com/fast-deep-equal/-/fast-deep-equal-3.1.3.tgz 0ms (cache hit)
249 http cache fast-glob@https://registry.npmmirror.com/fast-glob/-/fast-glob-3.3.1.tgz 0ms (cache hit)
250 http cache estree-walker@https://registry.npmmirror.com/estree-walker/-/estree-walker-3.0.3.tgz 0ms (cache hit)
251 http cache events@https://registry.npmmirror.com/events/-/events-3.3.0.tgz 0ms (cache hit)
252 http cache esrecurse@https://registry.npmmirror.com/esrecurse/-/esrecurse-4.3.0.tgz 0ms (cache hit)
253 http cache estraverse@https://registry.npmmirror.com/estraverse/-/estraverse-5.3.0.tgz 0ms (cache hit)
254 http cache esquery@https://registry.npmmirror.com/esquery/-/esquery-1.7.0.tgz 0ms (cache hit)
255 http cache esutils@https://registry.npmmirror.com/esutils/-/esutils-2.0.3.tgz 0ms (cache hit)
256 http cache eslint-visitor-keys@https://registry.npmmirror.com/eslint-visitor-keys/-/eslint-visitor-keys-4.2.1.tgz 0ms (cache hit)
257 http cache eslint-scope@https://registry.npmmirror.com/eslint-scope/-/eslint-scope-8.4.0.tgz 0ms (cache hit)
258 http cache eslint-plugin-react@https://registry.npmmirror.com/eslint-plugin-react/-/eslint-plugin-react-7.37.5.tgz 0ms (cache hit)
259 http cache espree@https://registry.npmmirror.com/espree/-/espree-10.4.0.tgz 0ms (cache hit)
260 http cache eslint-plugin-jsx-a11y@https://registry.npmmirror.com/eslint-plugin-jsx-a11y/-/eslint-plugin-jsx-a11y-6.10.2.tgz 0ms (cache hit)
261 http cache eslint-plugin-react-hooks@https://registry.npmmirror.com/eslint-plugin-react-hooks/-/eslint-plugin-react-hooks-7.1.1.tgz 0ms (cache hit)
262 http cache eslint@https://registry.npmmirror.com/eslint/-/eslint-9.39.4.tgz 0ms (cache hit)
263 http cache escape-string-regexp@https://registry.npmmirror.com/escape-string-regexp/-/escape-string-regexp-4.0.0.tgz 0ms (cache hit)
264 http cache escape-html@https://registry.npmmirror.com/escape-html/-/escape-html-1.0.3.tgz 0ms (cache hit)
265 http cache esbuild@https://registry.npmmirror.com/esbuild/-/esbuild-0.28.0.tgz 0ms (cache hit)
266 http cache es-shim-unscopables@https://registry.npmmirror.com/es-shim-unscopables/-/es-shim-unscopables-1.1.0.tgz 0ms (cache hit)
267 http cache escalade@https://registry.npmmirror.com/escalade/-/escalade-3.2.0.tgz 0ms (cache hit)
268 http cache es-set-tostringtag@https://registry.npmmirror.com/es-set-tostringtag/-/es-set-tostringtag-2.1.0.tgz 0ms (cache hit)
269 http cache es-to-primitive@https://registry.npmmirror.com/es-to-primitive/-/es-to-primitive-1.3.0.tgz 0ms (cache hit)
270 http cache es-module-lexer@https://registry.npmmirror.com/es-module-lexer/-/es-module-lexer-2.1.0.tgz 0ms (cache hit)
271 http cache es-iterator-helpers@https://registry.npmmirror.com/es-iterator-helpers/-/es-iterator-helpers-1.3.2.tgz 0ms (cache hit)
272 http cache es-define-property@https://registry.npmmirror.com/es-define-property/-/es-define-property-1.0.1.tgz 0ms (cache hit)
273 http cache es-object-atoms@https://registry.npmmirror.com/es-object-atoms/-/es-object-atoms-1.1.1.tgz 0ms (cache hit)
274 http cache es-errors@https://registry.npmmirror.com/es-errors/-/es-errors-1.3.0.tgz 0ms (cache hit)
275 http cache es-abstract@https://registry.npmmirror.com/es-abstract/-/es-abstract-1.24.2.tgz 0ms (cache hit)
276 http cache error-stack-parser-es@https://registry.npmmirror.com/error-stack-parser-es/-/error-stack-parser-es-1.0.5.tgz 0ms (cache hit)
277 http cache enhanced-resolve@https://registry.npmmirror.com/enhanced-resolve/-/enhanced-resolve-5.21.3.tgz 0ms (cache hit)
278 http cache emoji-regex-xs@https://registry.npmmirror.com/emoji-regex-xs/-/emoji-regex-xs-2.0.1.tgz 0ms (cache hit)
279 http cache electron-to-chromium@https://registry.npmmirror.com/electron-to-chromium/-/electron-to-chromium-1.5.358.tgz 0ms (cache hit)
280 http cache emoji-regex@https://registry.npmmirror.com/emoji-regex/-/emoji-regex-9.2.2.tgz 0ms (cache hit)
281 http cache dunder-proto@https://registry.npmmirror.com/dunder-proto/-/dunder-proto-1.0.1.tgz 0ms (cache hit)
282 http cache drizzle-orm@https://registry.npmmirror.com/drizzle-orm/-/drizzle-orm-0.45.2.tgz 1ms (cache hit)
283 http cache doctrine@https://registry.npmmirror.com/doctrine/-/doctrine-2.1.0.tgz 0ms (cache hit)
284 http cache detect-libc@https://registry.npmmirror.com/detect-libc/-/detect-libc-2.1.2.tgz 0ms (cache hit)
285 http cache drizzle-kit@https://registry.npmmirror.com/drizzle-kit/-/drizzle-kit-0.31.10.tgz 0ms (cache hit)
286 http cache define-properties@https://registry.npmmirror.com/define-properties/-/define-properties-1.2.1.tgz 0ms (cache hit)
287 http cache data-view-byte-offset@https://registry.npmmirror.com/data-view-byte-offset/-/data-view-byte-offset-1.0.1.tgz 0ms (cache hit)
288 http cache deep-is@https://registry.npmmirror.com/deep-is/-/deep-is-0.1.4.tgz 0ms (cache hit)
289 http cache define-data-property@https://registry.npmmirror.com/define-data-property/-/define-data-property-1.1.4.tgz 0ms (cache hit)
290 http cache debug@https://registry.npmmirror.com/debug/-/debug-4.4.3.tgz 0ms (cache hit)
291 http cache data-view-byte-length@https://registry.npmmirror.com/data-view-byte-length/-/data-view-byte-length-1.0.2.tgz 0ms (cache hit)
292 http cache css-to-react-native@https://registry.npmmirror.com/css-to-react-native/-/css-to-react-native-3.2.0.tgz 0ms (cache hit)
293 http cache css-gradient-parser@https://registry.npmmirror.com/css-gradient-parser/-/css-gradient-parser-0.0.16.tgz 0ms (cache hit)
294 http cache csstype@https://registry.npmmirror.com/csstype/-/csstype-3.2.3.tgz 0ms (cache hit)
295 http cache data-view-buffer@https://registry.npmmirror.com/data-view-buffer/-/data-view-buffer-1.0.2.tgz 0ms (cache hit)
296 http cache damerau-levenshtein@https://registry.npmmirror.com/damerau-levenshtein/-/damerau-levenshtein-1.0.8.tgz 0ms (cache hit)
297 http cache css-box-shadow@https://registry.npmmirror.com/css-box-shadow/-/css-box-shadow-1.0.0-3.tgz 0ms (cache hit)
298 http cache css-color-keywords@https://registry.npmmirror.com/css-color-keywords/-/css-color-keywords-1.0.0.tgz 0ms (cache hit)
299 http cache cross-spawn@https://registry.npmmirror.com/cross-spawn/-/cross-spawn-7.0.6.tgz 0ms (cache hit)
300 http cache css-background-parser@https://registry.npmmirror.com/css-background-parser/-/css-background-parser-0.1.0.tgz 0ms (cache hit)
301 http cache cookie@https://registry.npmmirror.com/cookie/-/cookie-1.1.1.tgz 0ms (cache hit)
302 http cache convert-source-map@https://registry.npmmirror.com/convert-source-map/-/convert-source-map-2.0.0.tgz 0ms (cache hit)
303 http cache concat-map@https://registry.npmmirror.com/concat-map/-/concat-map-0.0.1.tgz 0ms (cache hit)
304 http cache commander@https://registry.npmmirror.com/commander/-/commander-2.20.3.tgz 0ms (cache hit)
305 http cache color-name@https://registry.npmmirror.com/color-name/-/color-name-1.1.4.tgz 0ms (cache hit)
306 http cache chalk@https://registry.npmmirror.com/chalk/-/chalk-4.1.2.tgz 0ms (cache hit)
307 http cache chrome-trace-event@https://registry.npmmirror.com/chrome-trace-event/-/chrome-trace-event-1.0.4.tgz 0ms (cache hit)
308 http cache camelize@https://registry.npmmirror.com/camelize/-/camelize-1.0.1.tgz 0ms (cache hit)
309 http cache color-convert@https://registry.npmmirror.com/color-convert/-/color-convert-2.0.1.tgz 0ms (cache hit)
310 http cache caniuse-lite@https://registry.npmmirror.com/caniuse-lite/-/caniuse-lite-1.0.30001793.tgz 0ms (cache hit)
311 http cache callsites@https://registry.npmmirror.com/callsites/-/callsites-3.1.0.tgz 0ms (cache hit)
312 http cache call-bound@https://registry.npmmirror.com/call-bound/-/call-bound-1.0.4.tgz 0ms (cache hit)
313 http cache call-bind-apply-helpers@https://registry.npmmirror.com/call-bind-apply-helpers/-/call-bind-apply-helpers-1.0.2.tgz 0ms (cache hit)
314 http cache buffer-from@https://registry.npmmirror.com/buffer-from/-/buffer-from-1.1.2.tgz 0ms (cache hit)
315 http cache call-bind@https://registry.npmmirror.com/call-bind/-/call-bind-1.0.9.tgz 0ms (cache hit)
316 http cache browserslist@https://registry.npmmirror.com/browserslist/-/browserslist-4.28.2.tgz 0ms (cache hit)
317 http cache braces@https://registry.npmmirror.com/braces/-/braces-3.0.3.tgz 0ms (cache hit)
318 http cache brace-expansion@https://registry.npmmirror.com/brace-expansion/-/brace-expansion-1.1.14.tgz 0ms (cache hit)
319 http cache axobject-query@https://registry.npmmirror.com/axobject-query/-/axobject-query-4.1.0.tgz 0ms (cache hit)
320 http cache base64-js@https://registry.npmmirror.com/base64-js/-/base64-js-0.0.8.tgz 0ms (cache hit)
321 http cache blake3-wasm@https://registry.npmmirror.com/blake3-wasm/-/blake3-wasm-2.1.5.tgz 0ms (cache hit)
322 http cache baseline-browser-mapping@https://registry.npmmirror.com/baseline-browser-mapping/-/baseline-browser-mapping-2.10.30.tgz 0ms (cache hit)
323 http cache balanced-match@https://registry.npmmirror.com/balanced-match/-/balanced-match-1.0.2.tgz 0ms (cache hit)
324 http cache axe-core@https://registry.npmmirror.com/axe-core/-/axe-core-4.11.4.tgz 0ms (cache hit)
325 http cache ast-types-flow@https://registry.npmmirror.com/ast-types-flow/-/ast-types-flow-0.0.8.tgz 0ms (cache hit)
326 http cache async-function@https://registry.npmmirror.com/async-function/-/async-function-1.0.0.tgz 0ms (cache hit)
327 http cache available-typed-arrays@https://registry.npmmirror.com/available-typed-arrays/-/available-typed-arrays-1.0.7.tgz 0ms (cache hit)
328 http cache array.prototype.flatmap@https://registry.npmmirror.com/array.prototype.flatmap/-/array.prototype.flatmap-1.3.3.tgz 0ms (cache hit)
329 http cache array.prototype.tosorted@https://registry.npmmirror.com/array.prototype.tosorted/-/array.prototype.tosorted-1.1.4.tgz 0ms (cache hit)
330 http cache array.prototype.flat@https://registry.npmmirror.com/array.prototype.flat/-/array.prototype.flat-1.3.3.tgz 0ms (cache hit)
331 http cache arraybuffer.prototype.slice@https://registry.npmmirror.com/arraybuffer.prototype.slice/-/arraybuffer.prototype.slice-1.0.4.tgz 0ms (cache hit)
332 http cache array-includes@https://registry.npmmirror.com/array-includes/-/array-includes-3.1.9.tgz 0ms (cache hit)
333 http cache array.prototype.findlast@https://registry.npmmirror.com/array.prototype.findlast/-/array.prototype.findlast-1.2.5.tgz 0ms (cache hit)
334 http cache array-buffer-byte-length@https://registry.npmmirror.com/array-buffer-byte-length/-/array-buffer-byte-length-1.0.2.tgz 0ms (cache hit)
335 http cache aria-query@https://registry.npmmirror.com/aria-query/-/aria-query-5.3.2.tgz 0ms (cache hit)
336 http cache ajv-formats@https://registry.npmmirror.com/ajv-formats/-/ajv-formats-2.1.1.tgz 0ms (cache hit)
337 http cache argparse@https://registry.npmmirror.com/argparse/-/argparse-2.0.1.tgz 0ms (cache hit)
338 http cache acorn-loose@https://registry.npmmirror.com/acorn-loose/-/acorn-loose-8.5.2.tgz 0ms (cache hit)
339 http cache ansi-styles@https://registry.npmmirror.com/ansi-styles/-/ansi-styles-4.3.0.tgz 0ms (cache hit)
340 http cache acorn-jsx@https://registry.npmmirror.com/acorn-jsx/-/acorn-jsx-5.3.2.tgz 0ms (cache hit)
341 http cache @xtuc/ieee754@https://registry.npmmirror.com/@xtuc/ieee754/-/ieee754-1.2.0.tgz 0ms (cache hit)
342 http cache acorn-import-phases@https://registry.npmmirror.com/acorn-import-phases/-/acorn-import-phases-1.0.4.tgz 0ms (cache hit)
343 http cache ajv@https://registry.npmmirror.com/ajv/-/ajv-6.15.0.tgz 0ms (cache hit)
344 http cache acorn@https://registry.npmmirror.com/acorn/-/acorn-8.16.0.tgz 0ms (cache hit)
345 http cache @webassemblyjs/wast-printer@https://registry.npmmirror.com/@webassemblyjs/wast-printer/-/wast-printer-1.14.1.tgz 0ms (cache hit)
346 http cache @xtuc/long@https://registry.npmmirror.com/@xtuc/long/-/long-4.2.2.tgz 0ms (cache hit)
347 http cache @webassemblyjs/wasm-parser@https://registry.npmmirror.com/@webassemblyjs/wasm-parser/-/wasm-parser-1.14.1.tgz 0ms (cache hit)
348 http cache @webassemblyjs/wasm-opt@https://registry.npmmirror.com/@webassemblyjs/wasm-opt/-/wasm-opt-1.14.1.tgz 0ms (cache hit)
349 http cache @webassemblyjs/wasm-gen@https://registry.npmmirror.com/@webassemblyjs/wasm-gen/-/wasm-gen-1.14.1.tgz 0ms (cache hit)
350 http cache @webassemblyjs/utf8@https://registry.npmmirror.com/@webassemblyjs/utf8/-/utf8-1.13.2.tgz 0ms (cache hit)
351 http cache @webassemblyjs/wasm-edit@https://registry.npmmirror.com/@webassemblyjs/wasm-edit/-/wasm-edit-1.14.1.tgz 0ms (cache hit)
352 http cache @webassemblyjs/leb128@https://registry.npmmirror.com/@webassemblyjs/leb128/-/leb128-1.13.2.tgz 0ms (cache hit)
353 http cache @webassemblyjs/helper-wasm-section@https://registry.npmmirror.com/@webassemblyjs/helper-wasm-section/-/helper-wasm-section-1.14.1.tgz 0ms (cache hit)
354 http cache @webassemblyjs/ieee754@https://registry.npmmirror.com/@webassemblyjs/ieee754/-/ieee754-1.13.2.tgz 0ms (cache hit)
355 http cache @webassemblyjs/helper-wasm-bytecode@https://registry.npmmirror.com/@webassemblyjs/helper-wasm-bytecode/-/helper-wasm-bytecode-1.13.2.tgz 0ms (cache hit)
356 http cache @webassemblyjs/helper-api-error@https://registry.npmmirror.com/@webassemblyjs/helper-api-error/-/helper-api-error-1.13.2.tgz 0ms (cache hit)
357 http cache @webassemblyjs/floating-point-hex-parser@https://registry.npmmirror.com/@webassemblyjs/floating-point-hex-parser/-/floating-point-hex-parser-1.13.2.tgz 0ms (cache hit)
358 http cache @webassemblyjs/helper-buffer@https://registry.npmmirror.com/@webassemblyjs/helper-buffer/-/helper-buffer-1.14.1.tgz 0ms (cache hit)
359 http cache @webassemblyjs/helper-numbers@https://registry.npmmirror.com/@webassemblyjs/helper-numbers/-/helper-numbers-1.13.2.tgz 0ms (cache hit)
360 http cache @webassemblyjs/ast@https://registry.npmmirror.com/@webassemblyjs/ast/-/ast-1.14.1.tgz 1ms (cache hit)
361 http cache @vitejs/plugin-react@https://registry.npmmirror.com/@vitejs/plugin-react/-/plugin-react-6.0.2.tgz 0ms (cache hit)
362 http cache @vinext/types@https://registry.npmmirror.com/@vinext/types/-/types-1.0.0-beta.2.tgz 0ms (cache hit)
363 http cache @vitejs/plugin-rsc@https://registry.npmmirror.com/@vitejs/plugin-rsc/-/plugin-rsc-0.5.26.tgz 0ms (cache hit)
364 http cache @vercel/og@https://registry.npmmirror.com/@vercel/og/-/og-0.8.6.tgz 0ms (cache hit)
365 http cache @unpic/react@https://registry.npmmirror.com/@unpic/react/-/react-1.0.2.tgz 0ms (cache hit)
366 http cache @unpic/core@https://registry.npmmirror.com/@unpic/core/-/core-1.0.3.tgz 0ms (cache hit)
367 http cache @typescript-eslint/visitor-keys@https://registry.npmmirror.com/@typescript-eslint/visitor-keys/-/visitor-keys-8.59.3.tgz 0ms (cache hit)
368 http cache @typescript-eslint/utils@https://registry.npmmirror.com/@typescript-eslint/utils/-/utils-8.59.3.tgz 0ms (cache hit)
369 http cache @typescript-eslint/types@https://registry.npmmirror.com/@typescript-eslint/types/-/types-8.59.3.tgz 0ms (cache hit)
370 http cache @typescript-eslint/type-utils@https://registry.npmmirror.com/@typescript-eslint/type-utils/-/type-utils-8.59.3.tgz 0ms (cache hit)
371 http cache @typescript-eslint/typescript-estree@https://registry.npmmirror.com/@typescript-eslint/typescript-estree/-/typescript-estree-8.59.3.tgz 0ms (cache hit)
372 http cache @typescript-eslint/scope-manager@https://registry.npmmirror.com/@typescript-eslint/scope-manager/-/scope-manager-8.59.3.tgz 0ms (cache hit)
373 http cache @typescript-eslint/project-service@https://registry.npmmirror.com/@typescript-eslint/project-service/-/project-service-8.59.3.tgz 0ms (cache hit)
374 http cache @types/react-dom@https://registry.npmmirror.com/@types/react-dom/-/react-dom-19.2.3.tgz 0ms (cache hit)
375 http cache @typescript-eslint/tsconfig-utils@https://registry.npmmirror.com/@typescript-eslint/tsconfig-utils/-/tsconfig-utils-8.59.3.tgz 1ms (cache hit)
376 http cache @typescript-eslint/parser@https://registry.npmmirror.com/@typescript-eslint/parser/-/parser-8.59.3.tgz 0ms (cache hit)
377 http cache @typescript-eslint/eslint-plugin@https://registry.npmmirror.com/@typescript-eslint/eslint-plugin/-/eslint-plugin-8.59.3.tgz 0ms (cache hit)
378 http cache @types/json-schema@https://registry.npmmirror.com/@types/json-schema/-/json-schema-7.0.15.tgz 0ms (cache hit)
379 http cache @types/react@https://registry.npmmirror.com/@types/react/-/react-19.2.14.tgz 0ms (cache hit)
380 http cache @types/estree@https://registry.npmmirror.com/@types/estree/-/estree-1.0.9.tgz 0ms (cache hit)
381 http cache @types/node@https://registry.npmmirror.com/@types/node/-/node-22.19.19.tgz 0ms (cache hit)
382 http cache @types/eslint-scope@https://registry.npmmirror.com/@types/eslint-scope/-/eslint-scope-3.7.7.tgz 0ms (cache hit)
383 http cache @types/eslint@https://registry.npmmirror.com/@types/eslint/-/eslint-9.6.1.tgz 0ms (cache hit)
384 http cache @tailwindcss/postcss@https://registry.npmmirror.com/@tailwindcss/postcss/-/postcss-4.2.1.tgz 0ms (cache hit)
385 http cache @tailwindcss/oxide-win32-x64-msvc@https://registry.npmmirror.com/@tailwindcss/oxide-win32-x64-msvc/-/oxide-win32-x64-msvc-4.2.1.tgz 0ms (cache hit)
386 http cache @speed-highlight/core@https://registry.npmmirror.com/@speed-highlight/core/-/core-1.2.15.tgz 0ms (cache hit)
387 http cache @tailwindcss/oxide@https://registry.npmmirror.com/@tailwindcss/oxide/-/oxide-4.2.1.tgz 0ms (cache hit)
388 http cache @tailwindcss/node@https://registry.npmmirror.com/@tailwindcss/node/-/node-4.2.1.tgz 0ms (cache hit)
389 http cache @rolldown/pluginutils@https://registry.npmmirror.com/@rolldown/pluginutils/-/pluginutils-1.0.1.tgz 0ms (cache hit)
390 http cache @shuding/opentype.js@https://registry.npmmirror.com/@shuding/opentype.js/-/opentype.js-1.4.0-beta.0.tgz 0ms (cache hit)
391 http cache @resvg/resvg-wasm@https://registry.npmmirror.com/@resvg/resvg-wasm/-/resvg-wasm-2.4.0.tgz 0ms (cache hit)
392 http cache @sindresorhus/is@https://registry.npmmirror.com/@sindresorhus/is/-/is-7.2.0.tgz 0ms (cache hit)
393 http cache @rolldown/binding-win32-x64-msvc@https://registry.npmmirror.com/@rolldown/binding-win32-x64-msvc/-/binding-win32-x64-msvc-1.0.1.tgz 0ms (cache hit)
394 http cache @openai/sites-vite-plugin@https://registry.npmmirror.com/@openai/sites-vite-plugin/-/sites-vite-plugin-0.1.0.tgz 0ms (cache hit)
395 http cache @poppinss/colors@https://registry.npmmirror.com/@poppinss/colors/-/colors-4.1.6.tgz 0ms (cache hit)
396 http cache @oxc-project/types@https://registry.npmmirror.com/@oxc-project/types/-/types-0.130.0.tgz 0ms (cache hit)
397 http cache @poppinss/exception@https://registry.npmmirror.com/@poppinss/exception/-/exception-1.2.3.tgz 0ms (cache hit)
398 http cache @poppinss/dumper@https://registry.npmmirror.com/@poppinss/dumper/-/dumper-0.6.5.tgz 0ms (cache hit)
399 http cache @nodelib/fs.walk@https://registry.npmmirror.com/@nodelib/fs.walk/-/fs.walk-1.2.8.tgz 0ms (cache hit)
400 http cache @nodelib/fs.stat@https://registry.npmmirror.com/@nodelib/fs.stat/-/fs.stat-2.0.5.tgz 0ms (cache hit)
401 http cache @next/eslint-plugin-next@https://registry.npmmirror.com/@next/eslint-plugin-next/-/eslint-plugin-next-16.2.6.tgz 0ms (cache hit)
402 http cache @jridgewell/trace-mapping@https://registry.npmmirror.com/@jridgewell/trace-mapping/-/trace-mapping-0.3.31.tgz 0ms (cache hit)
403 http cache @jridgewell/sourcemap-codec@https://registry.npmmirror.com/@jridgewell/sourcemap-codec/-/sourcemap-codec-1.5.5.tgz 0ms (cache hit)
404 http cache @nodelib/fs.scandir@https://registry.npmmirror.com/@nodelib/fs.scandir/-/fs.scandir-2.1.5.tgz 0ms (cache hit)
405 http cache @jridgewell/source-map@https://registry.npmmirror.com/@jridgewell/source-map/-/source-map-0.3.11.tgz 0ms (cache hit)
406 http cache @jridgewell/remapping@https://registry.npmmirror.com/@jridgewell/remapping/-/remapping-2.3.5.tgz 0ms (cache hit)
407 http cache @jridgewell/resolve-uri@https://registry.npmmirror.com/@jridgewell/resolve-uri/-/resolve-uri-3.1.2.tgz 0ms (cache hit)
408 http cache @humanwhocodes/retry@https://registry.npmmirror.com/@humanwhocodes/retry/-/retry-0.4.3.tgz 0ms (cache hit)
409 http cache @img/colour@https://registry.npmmirror.com/@img/colour/-/colour-1.1.0.tgz 0ms (cache hit)
410 http cache @jridgewell/gen-mapping@https://registry.npmmirror.com/@jridgewell/gen-mapping/-/gen-mapping-0.3.13.tgz 0ms (cache hit)
411 http cache @humanwhocodes/module-importer@https://registry.npmmirror.com/@humanwhocodes/module-importer/-/module-importer-1.0.1.tgz 0ms (cache hit)
412 http cache @img/sharp-win32-x64@https://registry.npmmirror.com/@img/sharp-win32-x64/-/sharp-win32-x64-0.34.5.tgz 0ms (cache hit)
413 http cache @humanfs/types@https://registry.npmmirror.com/@humanfs/types/-/types-0.15.0.tgz 0ms (cache hit)
414 http cache @eslint/plugin-kit@https://registry.npmmirror.com/@eslint/plugin-kit/-/plugin-kit-0.4.1.tgz 0ms (cache hit)
415 http cache @humanfs/core@https://registry.npmmirror.com/@humanfs/core/-/core-0.19.2.tgz 0ms (cache hit)
416 http cache @humanfs/node@https://registry.npmmirror.com/@humanfs/node/-/node-0.16.8.tgz 0ms (cache hit)
417 http cache @eslint/object-schema@https://registry.npmmirror.com/@eslint/object-schema/-/object-schema-2.1.7.tgz 0ms (cache hit)
418 http cache @eslint/js@https://registry.npmmirror.com/@eslint/js/-/js-9.39.4.tgz 1ms (cache hit)
419 http cache @eslint/eslintrc@https://registry.npmmirror.com/@eslint/eslintrc/-/eslintrc-3.3.5.tgz 0ms (cache hit)
420 http cache @eslint/core@https://registry.npmmirror.com/@eslint/core/-/core-0.17.0.tgz 0ms (cache hit)
421 http cache @eslint-community/eslint-utils@https://registry.npmmirror.com/@eslint-community/eslint-utils/-/eslint-utils-4.9.1.tgz 0ms (cache hit)
422 http cache @eslint-community/regexpp@https://registry.npmmirror.com/@eslint-community/regexpp/-/regexpp-4.12.2.tgz 0ms (cache hit)
423 http cache @eslint/config-helpers@https://registry.npmmirror.com/@eslint/config-helpers/-/config-helpers-0.4.2.tgz 0ms (cache hit)
424 http cache @eslint/config-array@https://registry.npmmirror.com/@eslint/config-array/-/config-array-0.21.2.tgz 0ms (cache hit)
425 http cache @esbuild/win32-x64@https://registry.npmmirror.com/@esbuild/win32-x64/-/win32-x64-0.28.0.tgz 0ms (cache hit)
426 http cache @esbuild-kit/esm-loader@https://registry.npmmirror.com/@esbuild-kit/esm-loader/-/esm-loader-2.6.5.tgz 0ms (cache hit)
427 http cache @esbuild-kit/core-utils@https://registry.npmmirror.com/@esbuild-kit/core-utils/-/core-utils-3.3.2.tgz 0ms (cache hit)
428 http cache @drizzle-team/brocli@https://registry.npmmirror.com/@drizzle-team/brocli/-/brocli-0.10.2.tgz 0ms (cache hit)
429 http cache @cspotcode/source-map-support@https://registry.npmmirror.com/@cspotcode/source-map-support/-/source-map-support-0.8.1.tgz 0ms (cache hit)
430 http cache @cloudflare/workerd-windows-64@https://registry.npmmirror.com/@cloudflare/workerd-windows-64/-/workerd-windows-64-1.20260515.1.tgz 0ms (cache hit)
431 http cache @cloudflare/vite-plugin@https://registry.npmmirror.com/@cloudflare/vite-plugin/-/vite-plugin-1.37.1.tgz 0ms (cache hit)
432 http cache @babel/types@https://registry.npmmirror.com/@babel/types/-/types-7.29.0.tgz 0ms (cache hit)
433 http cache @cloudflare/kv-asset-handler@https://registry.npmmirror.com/@cloudflare/kv-asset-handler/-/kv-asset-handler-0.5.0.tgz 0ms (cache hit)
434 http cache @babel/traverse@https://registry.npmmirror.com/@babel/traverse/-/traverse-7.29.0.tgz 0ms (cache hit)
435 http cache @cloudflare/unenv-preset@https://registry.npmmirror.com/@cloudflare/unenv-preset/-/unenv-preset-2.16.1.tgz 0ms (cache hit)
436 http cache @babel/template@https://registry.npmmirror.com/@babel/template/-/template-7.28.6.tgz 0ms (cache hit)
437 http cache @babel/helpers@https://registry.npmmirror.com/@babel/helpers/-/helpers-7.29.2.tgz 0ms (cache hit)
438 http cache @babel/helper-validator-option@https://registry.npmmirror.com/@babel/helper-validator-option/-/helper-validator-option-7.27.1.tgz 0ms (cache hit)
439 http cache @babel/helper-validator-identifier@https://registry.npmmirror.com/@babel/helper-validator-identifier/-/helper-validator-identifier-7.28.5.tgz 0ms (cache hit)
440 http cache @babel/parser@https://registry.npmmirror.com/@babel/parser/-/parser-7.29.3.tgz 0ms (cache hit)
441 http cache @babel/helper-string-parser@https://registry.npmmirror.com/@babel/helper-string-parser/-/helper-string-parser-7.27.1.tgz 0ms (cache hit)
442 http cache @babel/helper-module-transforms@https://registry.npmmirror.com/@babel/helper-module-transforms/-/helper-module-transforms-7.28.6.tgz 0ms (cache hit)
443 http cache @babel/helper-module-imports@https://registry.npmmirror.com/@babel/helper-module-imports/-/helper-module-imports-7.28.6.tgz 0ms (cache hit)
444 http cache @babel/helper-globals@https://registry.npmmirror.com/@babel/helper-globals/-/helper-globals-7.28.0.tgz 0ms (cache hit)
445 http cache @babel/helper-compilation-targets@https://registry.npmmirror.com/@babel/helper-compilation-targets/-/helper-compilation-targets-7.28.6.tgz 0ms (cache hit)
446 http cache @babel/generator@https://registry.npmmirror.com/@babel/generator/-/generator-7.29.1.tgz 0ms (cache hit)
447 http cache @babel/core@https://registry.npmmirror.com/@babel/core/-/core-7.29.0.tgz 0ms (cache hit)
448 http cache @babel/compat-data@https://registry.npmmirror.com/@babel/compat-data/-/compat-data-7.29.3.tgz 0ms (cache hit)
449 http cache @alloc/quick-lru@https://registry.npmmirror.com/@alloc/quick-lru/-/quick-lru-5.2.0.tgz 0ms (cache hit)
450 http cache @babel/code-frame@https://registry.npmmirror.com/@babel/code-frame/-/code-frame-7.29.0.tgz 0ms (cache hit)
451 http cache estraverse@https://registry.npmmirror.com/estraverse/-/estraverse-4.3.0.tgz 0ms (cache hit)
452 http cache @esbuild/win32-x64@https://registry.npmmirror.com/@esbuild/win32-x64/-/win32-x64-0.27.3.tgz 0ms (cache hit)
453 http cache eslint-scope@https://registry.npmmirror.com/eslint-scope/-/eslint-scope-5.1.1.tgz 0ms (cache hit)
454 http cache esbuild@https://registry.npmmirror.com/esbuild/-/esbuild-0.27.3.tgz 0ms (cache hit)
455 http cache glob-parent@https://registry.npmmirror.com/glob-parent/-/glob-parent-5.1.2.tgz 0ms (cache hit)
456 http cache lightningcss-win32-x64-msvc@https://registry.npmmirror.com/lightningcss-win32-x64-msvc/-/lightningcss-win32-x64-msvc-1.32.0.tgz 0ms (cache hit)
457 http cache picomatch@https://registry.npmmirror.com/picomatch/-/picomatch-4.0.4.tgz 0ms (cache hit)
458 http cache fast-glob@https://registry.npmmirror.com/fast-glob/-/fast-glob-3.3.3.tgz 0ms (cache hit)
459 http cache lightningcss@https://registry.npmmirror.com/lightningcss/-/lightningcss-1.32.0.tgz 0ms (cache hit)
460 http cache fdir@https://registry.npmmirror.com/fdir/-/fdir-6.5.0.tgz 0ms (cache hit)
461 http cache es-module-lexer@https://registry.npmmirror.com/es-module-lexer/-/es-module-lexer-1.7.0.tgz 0ms (cache hit)
462 http cache picomatch@https://registry.npmmirror.com/picomatch/-/picomatch-4.0.4.tgz 0ms (cache hit)
463 http cache semver@https://registry.npmmirror.com/semver/-/semver-7.8.0.tgz 0ms (cache hit)
464 http cache json-schema-traverse@https://registry.npmmirror.com/json-schema-traverse/-/json-schema-traverse-1.0.0.tgz 0ms (cache hit)
465 http cache js-tokens@https://registry.npmmirror.com/js-tokens/-/js-tokens-9.0.1.tgz 0ms (cache hit)
466 http cache ajv-keywords@https://registry.npmmirror.com/ajv-keywords/-/ajv-keywords-5.1.0.tgz 0ms (cache hit)
467 http cache ajv@https://registry.npmmirror.com/ajv/-/ajv-8.20.0.tgz 0ms (cache hit)
468 http cache supports-color@https://registry.npmmirror.com/supports-color/-/supports-color-8.1.1.tgz 0ms (cache hit)
469 http cache glob-parent@https://registry.npmmirror.com/glob-parent/-/glob-parent-5.1.2.tgz 0ms (cache hit)
470 http cache esbuild@https://registry.npmmirror.com/esbuild/-/esbuild-0.25.12.tgz 0ms (cache hit)
471 http cache @esbuild/win32-x64@https://registry.npmmirror.com/@esbuild/win32-x64/-/win32-x64-0.25.12.tgz 0ms (cache hit)
472 http cache json-schema-traverse@https://registry.npmmirror.com/json-schema-traverse/-/json-schema-traverse-1.0.0.tgz 0ms (cache hit)
473 http cache ajv@https://registry.npmmirror.com/ajv/-/ajv-8.20.0.tgz 0ms (cache hit)
474 http cache @rolldown/pluginutils@https://registry.npmmirror.com/@rolldown/pluginutils/-/pluginutils-1.0.0-rc.18.tgz 0ms (cache hit)
475 http cache minimatch@https://registry.npmmirror.com/minimatch/-/minimatch-10.2.5.tgz 0ms (cache hit)
476 http cache ignore@https://registry.npmmirror.com/ignore/-/ignore-7.0.5.tgz 0ms (cache hit)
477 http cache brace-expansion@https://registry.npmmirror.com/brace-expansion/-/brace-expansion-5.0.6.tgz 0ms (cache hit)
478 http cache balanced-match@https://registry.npmmirror.com/balanced-match/-/balanced-match-4.0.4.tgz 0ms (cache hit)
479 http cache semver@https://registry.npmmirror.com/semver/-/semver-7.8.0.tgz 0ms (cache hit)
480 http cache supports-color@https://registry.npmmirror.com/supports-color/-/supports-color-10.2.2.tgz 0ms (cache hit)
481 http cache eslint-visitor-keys@https://registry.npmmirror.com/eslint-visitor-keys/-/eslint-visitor-keys-5.0.1.tgz 0ms (cache hit)
482 http cache globals@https://registry.npmmirror.com/globals/-/globals-14.0.0.tgz 0ms (cache hit)
483 http cache eslint-visitor-keys@https://registry.npmmirror.com/eslint-visitor-keys/-/eslint-visitor-keys-3.4.3.tgz 0ms (cache hit)
484 http cache esbuild@https://registry.npmmirror.com/esbuild/-/esbuild-0.18.20.tgz 0ms (cache hit)
485 http cache @jridgewell/trace-mapping@https://registry.npmmirror.com/@jridgewell/trace-mapping/-/trace-mapping-0.3.9.tgz 0ms (cache hit)
486 http cache @esbuild/win32-x64@https://registry.npmmirror.com/@esbuild/win32-x64/-/win32-x64-0.18.20.tgz 0ms (cache hit)
487 silly tarball no local data for zod-validation-error@https://registry.npmmirror.com/zod-validation-error/-/zod-validation-error-4.0.2.tgz. Extracting by manifest.
488 silly tarball no local data for youch@https://registry.npmmirror.com/youch/-/youch-4.1.0-beta.10.tgz. Extracting by manifest.
489 silly tarball no local data for yocto-queue@https://registry.npmmirror.com/yocto-queue/-/yocto-queue-0.1.0.tgz. Extracting by manifest.
490 silly tarball no local data for youch-core@https://registry.npmmirror.com/youch-core/-/youch-core-0.3.3.tgz. Extracting by manifest.
491 silly tarball no local data for zod@https://registry.npmmirror.com/zod/-/zod-4.4.3.tgz. Extracting by manifest.
492 silly tarball no local data for yoga-layout@https://registry.npmmirror.com/yoga-layout/-/yoga-layout-3.2.1.tgz. Extracting by manifest.
493 silly tarball no local data for yallist@https://registry.npmmirror.com/yallist/-/yallist-3.1.1.tgz. Extracting by manifest.
494 silly tarball no local data for wrangler@https://registry.npmmirror.com/wrangler/-/wrangler-4.92.0.tgz. Extracting by manifest.
495 silly tarball no local data for ws@https://registry.npmmirror.com/ws/-/ws-8.18.0.tgz. Extracting by manifest.
496 silly tarball no local data for workerd@https://registry.npmmirror.com/workerd/-/workerd-1.20260515.1.tgz. Extracting by manifest.
497 silly tarball no local data for which-typed-array@https://registry.npmmirror.com/which-typed-array/-/which-typed-array-1.1.20.tgz. Extracting by manifest.
498 silly tarball no local data for word-wrap@https://registry.npmmirror.com/word-wrap/-/word-wrap-1.2.5.tgz. Extracting by manifest.
499 silly tarball no local data for which-collection@https://registry.npmmirror.com/which-collection/-/which-collection-1.0.2.tgz. Extracting by manifest.
500 silly tarball no local data for which-builtin-type@https://registry.npmmirror.com/which-builtin-type/-/which-builtin-type-1.2.1.tgz. Extracting by manifest.
501 silly tarball no local data for which@https://registry.npmmirror.com/which/-/which-2.0.2.tgz. Extracting by manifest.
502 silly tarball no local data for which-boxed-primitive@https://registry.npmmirror.com/which-boxed-primitive/-/which-boxed-primitive-1.1.1.tgz. Extracting by manifest.
503 silly tarball no local data for webpack@https://registry.npmmirror.com/webpack/-/webpack-5.106.2.tgz. Extracting by manifest.
504 silly tarball no local data for webpack-sources@https://registry.npmmirror.com/webpack-sources/-/webpack-sources-3.4.1.tgz. Extracting by manifest.
505 silly tarball no local data for web-vitals@https://registry.npmmirror.com/web-vitals/-/web-vitals-4.2.4.tgz. Extracting by manifest.
506 silly tarball no local data for vitefu@https://registry.npmmirror.com/vitefu/-/vitefu-1.1.3.tgz. Extracting by manifest.
507 silly tarball no local data for watchpack@https://registry.npmmirror.com/watchpack/-/watchpack-2.5.1.tgz. Extracting by manifest.
508 silly tarball no local data for vite-plugin-dynamic-import@https://registry.npmmirror.com/vite-plugin-dynamic-import/-/vite-plugin-dynamic-import-1.6.0.tgz. Extracting by manifest.
509 silly tarball no local data for vite-plugin-commonjs@https://registry.npmmirror.com/vite-plugin-commonjs/-/vite-plugin-commonjs-0.10.4.tgz. Extracting by manifest.
510 silly tarball no local data for vite@https://registry.npmmirror.com/vite/-/vite-8.0.13.tgz. Extracting by manifest.
511 silly tarball no local data for uri-js@https://registry.npmmirror.com/uri-js/-/uri-js-4.4.1.tgz. Extracting by manifest.
512 silly tarball no local data for vinext@https://registry.npmmirror.com/vinext/-/vinext-1.0.0-beta.2.tgz. Extracting by manifest.
513 silly tarball no local data for update-browserslist-db@https://registry.npmmirror.com/update-browserslist-db/-/update-browserslist-db-1.2.3.tgz. Extracting by manifest.
514 silly tarball no local data for unicode-trie@https://registry.npmmirror.com/unicode-trie/-/unicode-trie-2.0.0.tgz. Extracting by manifest.
515 silly tarball no local data for unpic@https://registry.npmmirror.com/unpic/-/unpic-4.2.2.tgz. Extracting by manifest.
516 silly tarball no local data for unenv@https://registry.npmmirror.com/unenv/-/unenv-2.0.0-rc.24.tgz. Extracting by manifest.
517 silly tarball no local data for undici-types@https://registry.npmmirror.com/undici-types/-/undici-types-6.21.0.tgz. Extracting by manifest.
518 silly tarball no local data for undici@https://registry.npmmirror.com/undici/-/undici-7.24.8.tgz. Extracting by manifest.
519 silly tarball no local data for typescript-eslint@https://registry.npmmirror.com/typescript-eslint/-/typescript-eslint-8.59.3.tgz. Extracting by manifest.
520 silly tarball no local data for unbox-primitive@https://registry.npmmirror.com/unbox-primitive/-/unbox-primitive-1.1.0.tgz. Extracting by manifest.
521 silly tarball no local data for typescript@https://registry.npmmirror.com/typescript/-/typescript-5.9.3.tgz. Extracting by manifest.
522 silly tarball no local data for typed-array-length@https://registry.npmmirror.com/typed-array-length/-/typed-array-length-1.0.7.tgz. Extracting by manifest.
523 silly tarball no local data for typed-array-byte-offset@https://registry.npmmirror.com/typed-array-byte-offset/-/typed-array-byte-offset-1.0.4.tgz. Extracting by manifest.
524 silly tarball no local data for typed-array-byte-length@https://registry.npmmirror.com/typed-array-byte-length/-/typed-array-byte-length-1.0.3.tgz. Extracting by manifest.
525 silly tarball no local data for typed-array-buffer@https://registry.npmmirror.com/typed-array-buffer/-/typed-array-buffer-1.0.3.tgz. Extracting by manifest.
526 silly tarball no local data for type-check@https://registry.npmmirror.com/type-check/-/type-check-0.4.0.tgz. Extracting by manifest.
527 silly tarball no local data for turbo-stream@https://registry.npmmirror.com/turbo-stream/-/turbo-stream-3.2.0.tgz. Extracting by manifest.
528 silly tarball no local data for tsx@https://registry.npmmirror.com/tsx/-/tsx-4.22.1.tgz. Extracting by manifest.
529 silly tarball no local data for ts-api-utils@https://registry.npmmirror.com/ts-api-utils/-/ts-api-utils-2.5.0.tgz. Extracting by manifest.
530 silly tarball no local data for to-regex-range@https://registry.npmmirror.com/to-regex-range/-/to-regex-range-5.0.1.tgz. Extracting by manifest.
531 silly tarball no local data for tinyglobby@https://registry.npmmirror.com/tinyglobby/-/tinyglobby-0.2.16.tgz. Extracting by manifest.
532 silly tarball no local data for terser@https://registry.npmmirror.com/terser/-/terser-5.47.1.tgz. Extracting by manifest.
533 silly tarball no local data for tapable@https://registry.npmmirror.com/tapable/-/tapable-2.3.3.tgz. Extracting by manifest.
534 silly tarball no local data for tiny-inflate@https://registry.npmmirror.com/tiny-inflate/-/tiny-inflate-1.0.3.tgz. Extracting by manifest.
535 silly tarball no local data for tailwindcss@https://registry.npmmirror.com/tailwindcss/-/tailwindcss-4.2.1.tgz. Extracting by manifest.
536 silly tarball no local data for terser-webpack-plugin@https://registry.npmmirror.com/terser-webpack-plugin/-/terser-webpack-plugin-5.6.0.tgz. Extracting by manifest.
537 silly tarball no local data for supports-color@https://registry.npmmirror.com/supports-color/-/supports-color-7.2.0.tgz. Extracting by manifest.
538 silly tarball no local data for strip-literal@https://registry.npmmirror.com/strip-literal/-/strip-literal-3.1.0.tgz. Extracting by manifest.
539 silly tarball no local data for supports-preserve-symlinks-flag@https://registry.npmmirror.com/supports-preserve-symlinks-flag/-/supports-preserve-symlinks-flag-1.0.0.tgz. Extracting by manifest.
540 silly tarball no local data for strip-json-comments@https://registry.npmmirror.com/strip-json-comments/-/strip-json-comments-3.1.1.tgz. Extracting by manifest.
541 silly tarball no local data for string.prototype.trimstart@https://registry.npmmirror.com/string.prototype.trimstart/-/string.prototype.trimstart-1.0.8.tgz. Extracting by manifest.
542 silly tarball no local data for string.prototype.trim@https://registry.npmmirror.com/string.prototype.trim/-/string.prototype.trim-1.2.10.tgz. Extracting by manifest.
543 silly tarball no local data for string.prototype.repeat@https://registry.npmmirror.com/string.prototype.repeat/-/string.prototype.repeat-1.0.0.tgz. Extracting by manifest.
544 silly tarball no local data for string.prototype.matchall@https://registry.npmmirror.com/string.prototype.matchall/-/string.prototype.matchall-4.0.12.tgz. Extracting by manifest.
545 silly tarball no local data for string.prototype.includes@https://registry.npmmirror.com/string.prototype.includes/-/string.prototype.includes-2.0.1.tgz. Extracting by manifest.
546 silly tarball no local data for string.prototype.codepointat@https://registry.npmmirror.com/string.prototype.codepointat/-/string.prototype.codepointat-0.2.1.tgz. Extracting by manifest.
547 silly tarball no local data for string.prototype.trimend@https://registry.npmmirror.com/string.prototype.trimend/-/string.prototype.trimend-1.0.9.tgz. Extracting by manifest.
548 silly tarball no local data for stop-iteration-iterator@https://registry.npmmirror.com/stop-iteration-iterator/-/stop-iteration-iterator-1.1.0.tgz. Extracting by manifest.
549 silly tarball no local data for srvx@https://registry.npmmirror.com/srvx/-/srvx-0.11.15.tgz. Extracting by manifest.
550 silly tarball no local data for source-map@https://registry.npmmirror.com/source-map/-/source-map-0.6.1.tgz. Extracting by manifest.
551 silly tarball no local data for source-map-support@https://registry.npmmirror.com/source-map-support/-/source-map-support-0.5.21.tgz. Extracting by manifest.
552 silly tarball no local data for source-map-js@https://registry.npmmirror.com/source-map-js/-/source-map-js-1.2.1.tgz. Extracting by manifest.
553 silly tarball no local data for side-channel-map@https://registry.npmmirror.com/side-channel-map/-/side-channel-map-1.0.1.tgz. Extracting by manifest.
554 silly tarball no local data for side-channel-list@https://registry.npmmirror.com/side-channel-list/-/side-channel-list-1.0.1.tgz. Extracting by manifest.
555 silly tarball no local data for side-channel-weakmap@https://registry.npmmirror.com/side-channel-weakmap/-/side-channel-weakmap-1.0.2.tgz. Extracting by manifest.
556 silly tarball no local data for side-channel@https://registry.npmmirror.com/side-channel/-/side-channel-1.1.0.tgz. Extracting by manifest.
557 silly tarball no local data for shebang-regex@https://registry.npmmirror.com/shebang-regex/-/shebang-regex-3.0.0.tgz. Extracting by manifest.
558 silly tarball no local data for shebang-command@https://registry.npmmirror.com/shebang-command/-/shebang-command-2.0.0.tgz. Extracting by manifest.
559 silly tarball no local data for sharp@https://registry.npmmirror.com/sharp/-/sharp-0.34.5.tgz. Extracting by manifest.
560 silly tarball no local data for set-proto@https://registry.npmmirror.com/set-proto/-/set-proto-1.0.0.tgz. Extracting by manifest.
561 silly tarball no local data for set-function-name@https://registry.npmmirror.com/set-function-name/-/set-function-name-2.0.2.tgz. Extracting by manifest.
562 silly tarball no local data for set-function-length@https://registry.npmmirror.com/set-function-length/-/set-function-length-1.2.2.tgz. Extracting by manifest.
563 silly tarball no local data for semver@https://registry.npmmirror.com/semver/-/semver-6.3.1.tgz. Extracting by manifest.
564 silly tarball no local data for schema-utils@https://registry.npmmirror.com/schema-utils/-/schema-utils-4.3.3.tgz. Extracting by manifest.
565 silly tarball no local data for scheduler@https://registry.npmmirror.com/scheduler/-/scheduler-0.27.0.tgz. Extracting by manifest.
566 silly tarball no local data for satori@https://registry.npmmirror.com/satori/-/satori-0.16.0.tgz. Extracting by manifest.
567 silly tarball no local data for safe-regex-test@https://registry.npmmirror.com/safe-regex-test/-/safe-regex-test-1.1.0.tgz. Extracting by manifest.
568 silly tarball no local data for safe-push-apply@https://registry.npmmirror.com/safe-push-apply/-/safe-push-apply-1.0.0.tgz. Extracting by manifest.
569 silly tarball no local data for safe-array-concat@https://registry.npmmirror.com/safe-array-concat/-/safe-array-concat-1.1.4.tgz. Extracting by manifest.
570 silly tarball no local data for run-parallel@https://registry.npmmirror.com/run-parallel/-/run-parallel-1.2.0.tgz. Extracting by manifest.
571 silly tarball no local data for rolldown@https://registry.npmmirror.com/rolldown/-/rolldown-1.0.1.tgz. Extracting by manifest.
572 silly tarball no local data for reusify@https://registry.npmmirror.com/reusify/-/reusify-1.1.0.tgz. Extracting by manifest.
573 silly tarball no local data for resolve-pkg-maps@https://registry.npmmirror.com/resolve-pkg-maps/-/resolve-pkg-maps-1.0.0.tgz. Extracting by manifest.
574 silly tarball no local data for resolve-from@https://registry.npmmirror.com/resolve-from/-/resolve-from-4.0.0.tgz. Extracting by manifest.
575 silly tarball no local data for resolve@https://registry.npmmirror.com/resolve/-/resolve-2.0.0-next.7.tgz. Extracting by manifest.
576 silly tarball no local data for require-from-string@https://registry.npmmirror.com/require-from-string/-/require-from-string-2.0.2.tgz. Extracting by manifest.
577 silly tarball no local data for regexp.prototype.flags@https://registry.npmmirror.com/regexp.prototype.flags/-/regexp.prototype.flags-1.5.4.tgz. Extracting by manifest.
578 silly tarball no local data for reflect.getprototypeof@https://registry.npmmirror.com/reflect.getprototypeof/-/reflect.getprototypeof-1.0.10.tgz. Extracting by manifest.
579 silly tarball no local data for react-server-dom-webpack@https://registry.npmmirror.com/react-server-dom-webpack/-/react-server-dom-webpack-19.2.6.tgz. Extracting by manifest.
580 silly tarball no local data for react-loading-skeleton@https://registry.npmmirror.com/react-loading-skeleton/-/react-loading-skeleton-3.5.0.tgz. Extracting by manifest.
581 silly tarball no local data for react-dom@https://registry.npmmirror.com/react-dom/-/react-dom-19.2.6.tgz. Extracting by manifest.
582 silly tarball no local data for react@https://registry.npmmirror.com/react/-/react-19.2.6.tgz. Extracting by manifest.
583 silly tarball no local data for react-is@https://registry.npmmirror.com/react-is/-/react-is-16.13.1.tgz. Extracting by manifest.
584 silly tarball no local data for punycode@https://registry.npmmirror.com/punycode/-/punycode-2.3.1.tgz. Extracting by manifest.
585 silly tarball no local data for queue-microtask@https://registry.npmmirror.com/queue-microtask/-/queue-microtask-1.2.3.tgz. Extracting by manifest.
586 silly tarball no local data for prop-types@https://registry.npmmirror.com/prop-types/-/prop-types-15.8.1.tgz. Extracting by manifest.
587 silly tarball no local data for prelude-ls@https://registry.npmmirror.com/prelude-ls/-/prelude-ls-1.2.1.tgz. Extracting by manifest.
588 silly tarball no local data for postcss-value-parser@https://registry.npmmirror.com/postcss-value-parser/-/postcss-value-parser-4.2.0.tgz. Extracting by manifest.
589 silly tarball no local data for postcss@https://registry.npmmirror.com/postcss/-/postcss-8.5.14.tgz. Extracting by manifest.
590 silly tarball no local data for possible-typed-array-names@https://registry.npmmirror.com/possible-typed-array-names/-/possible-typed-array-names-1.1.0.tgz. Extracting by manifest.
591 silly tarball no local data for picomatch@https://registry.npmmirror.com/picomatch/-/picomatch-2.3.2.tgz. Extracting by manifest.
592 silly tarball no local data for picocolors@https://registry.npmmirror.com/picocolors/-/picocolors-1.1.1.tgz. Extracting by manifest.
593 silly tarball no local data for pathe@https://registry.npmmirror.com/pathe/-/pathe-2.0.3.tgz. Extracting by manifest.
594 silly tarball no local data for path-to-regexp@https://registry.npmmirror.com/path-to-regexp/-/path-to-regexp-6.3.0.tgz. Extracting by manifest.
595 silly tarball no local data for path-parse@https://registry.npmmirror.com/path-parse/-/path-parse-1.0.7.tgz. Extracting by manifest.
596 silly tarball no local data for path-key@https://registry.npmmirror.com/path-key/-/path-key-3.1.1.tgz. Extracting by manifest.
597 silly tarball no local data for path-exists@https://registry.npmmirror.com/path-exists/-/path-exists-4.0.0.tgz. Extracting by manifest.
598 silly tarball no local data for parse-css-color@https://registry.npmmirror.com/parse-css-color/-/parse-css-color-0.2.1.tgz. Extracting by manifest.
599 silly tarball no local data for parent-module@https://registry.npmmirror.com/parent-module/-/parent-module-1.0.1.tgz. Extracting by manifest.
600 silly tarball no local data for pako@https://registry.npmmirror.com/pako/-/pako-0.2.9.tgz. Extracting by manifest.
601 silly tarball no local data for p-locate@https://registry.npmmirror.com/p-locate/-/p-locate-5.0.0.tgz. Extracting by manifest.
602 silly tarball no local data for p-limit@https://registry.npmmirror.com/p-limit/-/p-limit-3.1.0.tgz. Extracting by manifest.
603 silly tarball no local data for own-keys@https://registry.npmmirror.com/own-keys/-/own-keys-1.0.1.tgz. Extracting by manifest.
604 silly tarball no local data for object.values@https://registry.npmmirror.com/object.values/-/object.values-1.2.1.tgz. Extracting by manifest.
605 silly tarball no local data for optionator@https://registry.npmmirror.com/optionator/-/optionator-0.9.4.tgz. Extracting by manifest.
606 silly tarball no local data for object.fromentries@https://registry.npmmirror.com/object.fromentries/-/object.fromentries-2.0.8.tgz. Extracting by manifest.
607 silly tarball no local data for object.entries@https://registry.npmmirror.com/object.entries/-/object.entries-1.1.9.tgz. Extracting by manifest.
608 silly tarball no local data for object.assign@https://registry.npmmirror.com/object.assign/-/object.assign-4.1.7.tgz. Extracting by manifest.
609 silly tarball no local data for object-inspect@https://registry.npmmirror.com/object-inspect/-/object-inspect-1.13.4.tgz. Extracting by manifest.
610 silly tarball no local data for object-keys@https://registry.npmmirror.com/object-keys/-/object-keys-1.1.1.tgz. Extracting by manifest.
611 silly tarball no local data for object-assign@https://registry.npmmirror.com/object-assign/-/object-assign-4.1.1.tgz. Extracting by manifest.
612 silly tarball no local data for node-releases@https://registry.npmmirror.com/node-releases/-/node-releases-2.0.44.tgz. Extracting by manifest.
613 silly tarball no local data for node-exports-info@https://registry.npmmirror.com/node-exports-info/-/node-exports-info-1.6.0.tgz. Extracting by manifest.
614 silly tarball no local data for neo-async@https://registry.npmmirror.com/neo-async/-/neo-async-2.6.2.tgz. Extracting by manifest.
615 silly tarball no local data for natural-compare@https://registry.npmmirror.com/natural-compare/-/natural-compare-1.4.0.tgz. Extracting by manifest.
616 silly tarball no local data for nanoid@https://registry.npmmirror.com/nanoid/-/nanoid-3.3.12.tgz. Extracting by manifest.
617 silly tarball no local data for ms@https://registry.npmmirror.com/ms/-/ms-2.1.3.tgz. Extracting by manifest.
618 silly tarball no local data for miniflare@https://registry.npmmirror.com/miniflare/-/miniflare-4.20260515.0.tgz. Extracting by manifest.
619 silly tarball no local data for minimatch@https://registry.npmmirror.com/minimatch/-/minimatch-3.1.5.tgz. Extracting by manifest.
620 silly tarball no local data for mime-db@https://registry.npmmirror.com/mime-db/-/mime-db-1.54.0.tgz. Extracting by manifest.
621 silly tarball no local data for micromatch@https://registry.npmmirror.com/micromatch/-/micromatch-4.0.8.tgz. Extracting by manifest.
622 silly tarball no local data for merge2@https://registry.npmmirror.com/merge2/-/merge2-1.4.1.tgz. Extracting by manifest.
623 silly tarball no local data for math-intrinsics@https://registry.npmmirror.com/math-intrinsics/-/math-intrinsics-1.1.0.tgz. Extracting by manifest.
624 silly tarball no local data for merge-stream@https://registry.npmmirror.com/merge-stream/-/merge-stream-2.0.0.tgz. Extracting by manifest.
625 silly tarball no local data for magic-string@https://registry.npmmirror.com/magic-string/-/magic-string-0.30.21.tgz. Extracting by manifest.
626 silly tarball no local data for lru-cache@https://registry.npmmirror.com/lru-cache/-/lru-cache-5.1.1.tgz. Extracting by manifest.
627 silly tarball no local data for loose-envify@https://registry.npmmirror.com/loose-envify/-/loose-envify-1.4.0.tgz. Extracting by manifest.
628 silly tarball no local data for lodash.merge@https://registry.npmmirror.com/lodash.merge/-/lodash.merge-4.6.2.tgz. Extracting by manifest.
629 silly tarball no local data for locate-path@https://registry.npmmirror.com/locate-path/-/locate-path-6.0.0.tgz. Extracting by manifest.
630 silly tarball no local data for loader-runner@https://registry.npmmirror.com/loader-runner/-/loader-runner-4.3.2.tgz. Extracting by manifest.
631 silly tarball no local data for linebreak@https://registry.npmmirror.com/linebreak/-/linebreak-1.1.0.tgz. Extracting by manifest.
632 silly tarball no local data for lightningcss-win32-x64-msvc@https://registry.npmmirror.com/lightningcss-win32-x64-msvc/-/lightningcss-win32-x64-msvc-1.31.1.tgz. Extracting by manifest.
633 silly tarball no local data for lightningcss@https://registry.npmmirror.com/lightningcss/-/lightningcss-1.31.1.tgz. Extracting by manifest.
634 silly tarball no local data for levn@https://registry.npmmirror.com/levn/-/levn-0.4.1.tgz. Extracting by manifest.
635 silly tarball no local data for language-tags@https://registry.npmmirror.com/language-tags/-/language-tags-1.0.9.tgz. Extracting by manifest.
636 silly tarball no local data for language-subtag-registry@https://registry.npmmirror.com/language-subtag-registry/-/language-subtag-registry-0.3.23.tgz. Extracting by manifest.
637 silly tarball no local data for kleur@https://registry.npmmirror.com/kleur/-/kleur-4.1.5.tgz. Extracting by manifest.
638 silly tarball no local data for keyv@https://registry.npmmirror.com/keyv/-/keyv-4.5.4.tgz. Extracting by manifest.
639 silly tarball no local data for jsx-ast-utils@https://registry.npmmirror.com/jsx-ast-utils/-/jsx-ast-utils-3.3.5.tgz. Extracting by manifest.
640 silly tarball no local data for json-stable-stringify-without-jsonify@https://registry.npmmirror.com/json-stable-stringify-without-jsonify/-/json-stable-stringify-without-jsonify-1.0.1.tgz. Extracting by manifest.
641 silly tarball no local data for json-schema-traverse@https://registry.npmmirror.com/json-schema-traverse/-/json-schema-traverse-0.4.1.tgz. Extracting by manifest.
642 silly tarball no local data for json-buffer@https://registry.npmmirror.com/json-buffer/-/json-buffer-3.0.1.tgz. Extracting by manifest.
643 silly tarball no local data for jsesc@https://registry.npmmirror.com/jsesc/-/jsesc-3.1.0.tgz. Extracting by manifest.
644 silly tarball no local data for json5@https://registry.npmmirror.com/json5/-/json5-2.2.3.tgz. Extracting by manifest.
645 silly tarball no local data for js-yaml@https://registry.npmmirror.com/js-yaml/-/js-yaml-4.1.1.tgz. Extracting by manifest.
646 silly tarball no local data for js-tokens@https://registry.npmmirror.com/js-tokens/-/js-tokens-4.0.0.tgz. Extracting by manifest.
647 silly tarball no local data for jest-worker@https://registry.npmmirror.com/jest-worker/-/jest-worker-27.5.1.tgz. Extracting by manifest.
648 silly tarball no local data for iterator.prototype@https://registry.npmmirror.com/iterator.prototype/-/iterator.prototype-1.1.5.tgz. Extracting by manifest.
649 silly tarball no local data for jiti@https://registry.npmmirror.com/jiti/-/jiti-2.7.0.tgz. Extracting by manifest.
650 silly tarball no local data for isexe@https://registry.npmmirror.com/isexe/-/isexe-2.0.0.tgz. Extracting by manifest.
651 silly tarball no local data for is-weakset@https://registry.npmmirror.com/is-weakset/-/is-weakset-2.0.4.tgz. Extracting by manifest.
652 silly tarball no local data for isarray@https://registry.npmmirror.com/isarray/-/isarray-2.0.5.tgz. Extracting by manifest.
653 silly tarball no local data for is-weakmap@https://registry.npmmirror.com/is-weakmap/-/is-weakmap-2.0.2.tgz. Extracting by manifest.
654 silly tarball no local data for is-weakref@https://registry.npmmirror.com/is-weakref/-/is-weakref-1.1.1.tgz. Extracting by manifest.
655 silly tarball no local data for is-typed-array@https://registry.npmmirror.com/is-typed-array/-/is-typed-array-1.1.15.tgz. Extracting by manifest.
656 silly tarball no local data for is-symbol@https://registry.npmmirror.com/is-symbol/-/is-symbol-1.1.1.tgz. Extracting by manifest.
657 silly tarball no local data for is-string@https://registry.npmmirror.com/is-string/-/is-string-1.1.1.tgz. Extracting by manifest.
658 silly tarball no local data for is-set@https://registry.npmmirror.com/is-set/-/is-set-2.0.3.tgz. Extracting by manifest.
659 silly tarball no local data for is-regex@https://registry.npmmirror.com/is-regex/-/is-regex-1.2.1.tgz. Extracting by manifest.
660 silly tarball no local data for is-shared-array-buffer@https://registry.npmmirror.com/is-shared-array-buffer/-/is-shared-array-buffer-1.0.4.tgz. Extracting by manifest.
661 silly tarball no local data for is-number-object@https://registry.npmmirror.com/is-number-object/-/is-number-object-1.1.1.tgz. Extracting by manifest.
662 silly tarball no local data for is-negative-zero@https://registry.npmmirror.com/is-negative-zero/-/is-negative-zero-2.0.3.tgz. Extracting by manifest.
663 silly tarball no local data for is-number@https://registry.npmmirror.com/is-number/-/is-number-7.0.0.tgz. Extracting by manifest.
664 silly tarball no local data for is-glob@https://registry.npmmirror.com/is-glob/-/is-glob-4.0.3.tgz. Extracting by manifest.
665 silly tarball no local data for is-generator-function@https://registry.npmmirror.com/is-generator-function/-/is-generator-function-1.1.2.tgz. Extracting by manifest.
666 silly tarball no local data for is-map@https://registry.npmmirror.com/is-map/-/is-map-2.0.3.tgz. Extracting by manifest.
667 silly tarball no local data for is-finalizationregistry@https://registry.npmmirror.com/is-finalizationregistry/-/is-finalizationregistry-1.1.1.tgz. Extracting by manifest.
668 silly tarball no local data for is-date-object@https://registry.npmmirror.com/is-date-object/-/is-date-object-1.1.0.tgz. Extracting by manifest.
669 silly tarball no local data for is-extglob@https://registry.npmmirror.com/is-extglob/-/is-extglob-2.1.1.tgz. Extracting by manifest.
670 silly tarball no local data for is-core-module@https://registry.npmmirror.com/is-core-module/-/is-core-module-2.16.2.tgz. Extracting by manifest.
671 silly tarball no local data for is-data-view@https://registry.npmmirror.com/is-data-view/-/is-data-view-1.0.2.tgz. Extracting by manifest.
672 silly tarball no local data for is-callable@https://registry.npmmirror.com/is-callable/-/is-callable-1.2.7.tgz. Extracting by manifest.
673 silly tarball no local data for is-boolean-object@https://registry.npmmirror.com/is-boolean-object/-/is-boolean-object-1.2.2.tgz. Extracting by manifest.
674 silly tarball no local data for is-bigint@https://registry.npmmirror.com/is-bigint/-/is-bigint-1.1.0.tgz. Extracting by manifest.
675 silly tarball no local data for is-async-function@https://registry.npmmirror.com/is-async-function/-/is-async-function-2.1.1.tgz. Extracting by manifest.
676 silly tarball no local data for is-array-buffer@https://registry.npmmirror.com/is-array-buffer/-/is-array-buffer-3.0.5.tgz. Extracting by manifest.
677 silly tarball no local data for ipaddr.js@https://registry.npmmirror.com/ipaddr.js/-/ipaddr.js-2.4.0.tgz. Extracting by manifest.
678 silly tarball no local data for internal-slot@https://registry.npmmirror.com/internal-slot/-/internal-slot-1.1.0.tgz. Extracting by manifest.
679 silly tarball no local data for import-fresh@https://registry.npmmirror.com/import-fresh/-/import-fresh-3.3.1.tgz. Extracting by manifest.
680 silly tarball no local data for imurmurhash@https://registry.npmmirror.com/imurmurhash/-/imurmurhash-0.1.4.tgz. Extracting by manifest.
681 silly tarball no local data for ignore@https://registry.npmmirror.com/ignore/-/ignore-5.3.2.tgz. Extracting by manifest.
682 silly tarball no local data for image-size@https://registry.npmmirror.com/image-size/-/image-size-2.0.2.tgz. Extracting by manifest.
683 silly tarball no local data for hex-rgb@https://registry.npmmirror.com/hex-rgb/-/hex-rgb-4.3.0.tgz. Extracting by manifest.
684 silly tarball no local data for hermes-parser@https://registry.npmmirror.com/hermes-parser/-/hermes-parser-0.25.1.tgz. Extracting by manifest.
685 silly tarball no local data for hermes-estree@https://registry.npmmirror.com/hermes-estree/-/hermes-estree-0.25.1.tgz. Extracting by manifest.
686 silly tarball no local data for hasown@https://registry.npmmirror.com/hasown/-/hasown-2.0.3.tgz. Extracting by manifest.
687 silly tarball no local data for has-tostringtag@https://registry.npmmirror.com/has-tostringtag/-/has-tostringtag-1.0.2.tgz. Extracting by manifest.
688 silly tarball no local data for has-symbols@https://registry.npmmirror.com/has-symbols/-/has-symbols-1.1.0.tgz. Extracting by manifest.
689 silly tarball no local data for has-proto@https://registry.npmmirror.com/has-proto/-/has-proto-1.2.0.tgz. Extracting by manifest.
690 silly tarball no local data for has-property-descriptors@https://registry.npmmirror.com/has-property-descriptors/-/has-property-descriptors-1.0.2.tgz. Extracting by manifest.
691 silly tarball no local data for has-flag@https://registry.npmmirror.com/has-flag/-/has-flag-4.0.0.tgz. Extracting by manifest.
692 silly tarball no local data for has-bigints@https://registry.npmmirror.com/has-bigints/-/has-bigints-1.1.0.tgz. Extracting by manifest.
693 silly tarball no local data for gopd@https://registry.npmmirror.com/gopd/-/gopd-1.2.0.tgz. Extracting by manifest.
694 silly tarball no local data for graceful-fs@https://registry.npmmirror.com/graceful-fs/-/graceful-fs-4.2.11.tgz. Extracting by manifest.
695 silly tarball no local data for globalthis@https://registry.npmmirror.com/globalthis/-/globalthis-1.0.4.tgz. Extracting by manifest.
696 silly tarball no local data for globals@https://registry.npmmirror.com/globals/-/globals-16.4.0.tgz. Extracting by manifest.
697 silly tarball no local data for glob-parent@https://registry.npmmirror.com/glob-parent/-/glob-parent-6.0.2.tgz. Extracting by manifest.
698 silly tarball no local data for glob-to-regexp@https://registry.npmmirror.com/glob-to-regexp/-/glob-to-regexp-0.4.1.tgz. Extracting by manifest.
699 silly tarball no local data for get-proto@https://registry.npmmirror.com/get-proto/-/get-proto-1.0.1.tgz. Extracting by manifest.
700 silly tarball no local data for get-tsconfig@https://registry.npmmirror.com/get-tsconfig/-/get-tsconfig-4.14.0.tgz. Extracting by manifest.
701 silly tarball no local data for get-symbol-description@https://registry.npmmirror.com/get-symbol-description/-/get-symbol-description-1.1.0.tgz. Extracting by manifest.
702 silly tarball no local data for generator-function@https://registry.npmmirror.com/generator-function/-/generator-function-2.0.1.tgz. Extracting by manifest.
703 silly tarball no local data for gensync@https://registry.npmmirror.com/gensync/-/gensync-1.0.0-beta.2.tgz. Extracting by manifest.
704 silly tarball no local data for get-intrinsic@https://registry.npmmirror.com/get-intrinsic/-/get-intrinsic-1.3.0.tgz. Extracting by manifest.
705 silly tarball no local data for function.prototype.name@https://registry.npmmirror.com/function.prototype.name/-/function.prototype.name-1.1.8.tgz. Extracting by manifest.
706 silly tarball no local data for functions-have-names@https://registry.npmmirror.com/functions-have-names/-/functions-have-names-1.2.3.tgz. Extracting by manifest.
707 silly tarball no local data for function-bind@https://registry.npmmirror.com/function-bind/-/function-bind-1.1.2.tgz. Extracting by manifest.
708 silly tarball no local data for flatted@https://registry.npmmirror.com/flatted/-/flatted-3.4.2.tgz. Extracting by manifest.
709 silly tarball no local data for for-each@https://registry.npmmirror.com/for-each/-/for-each-0.3.5.tgz. Extracting by manifest.
710 silly tarball no local data for flat-cache@https://registry.npmmirror.com/flat-cache/-/flat-cache-4.0.1.tgz. Extracting by manifest.
711 silly tarball no local data for fill-range@https://registry.npmmirror.com/fill-range/-/fill-range-7.1.1.tgz. Extracting by manifest.
712 silly tarball no local data for find-up@https://registry.npmmirror.com/find-up/-/find-up-5.0.0.tgz. Extracting by manifest.
713 silly tarball no local data for fflate@https://registry.npmmirror.com/fflate/-/fflate-0.7.4.tgz. Extracting by manifest.
714 silly tarball no local data for file-entry-cache@https://registry.npmmirror.com/file-entry-cache/-/file-entry-cache-8.0.0.tgz. Extracting by manifest.
715 silly tarball no local data for fastq@https://registry.npmmirror.com/fastq/-/fastq-1.20.1.tgz. Extracting by manifest.
716 silly tarball no local data for fast-uri@https://registry.npmmirror.com/fast-uri/-/fast-uri-3.1.2.tgz. Extracting by manifest.
717 silly tarball no local data for fast-levenshtein@https://registry.npmmirror.com/fast-levenshtein/-/fast-levenshtein-2.0.6.tgz. Extracting by manifest.
718 silly tarball no local data for fast-json-stable-stringify@https://registry.npmmirror.com/fast-json-stable-stringify/-/fast-json-stable-stringify-2.1.0.tgz. Extracting by manifest.
719 silly tarball no local data for fast-deep-equal@https://registry.npmmirror.com/fast-deep-equal/-/fast-deep-equal-3.1.3.tgz. Extracting by manifest.
720 silly tarball no local data for fast-glob@https://registry.npmmirror.com/fast-glob/-/fast-glob-3.3.1.tgz. Extracting by manifest.
721 silly tarball no local data for estree-walker@https://registry.npmmirror.com/estree-walker/-/estree-walker-3.0.3.tgz. Extracting by manifest.
722 silly tarball no local data for events@https://registry.npmmirror.com/events/-/events-3.3.0.tgz. Extracting by manifest.
723 silly tarball no local data for esrecurse@https://registry.npmmirror.com/esrecurse/-/esrecurse-4.3.0.tgz. Extracting by manifest.
724 silly tarball no local data for estraverse@https://registry.npmmirror.com/estraverse/-/estraverse-5.3.0.tgz. Extracting by manifest.
725 silly tarball no local data for esquery@https://registry.npmmirror.com/esquery/-/esquery-1.7.0.tgz. Extracting by manifest.
726 silly tarball no local data for esutils@https://registry.npmmirror.com/esutils/-/esutils-2.0.3.tgz. Extracting by manifest.
727 silly tarball no local data for eslint-visitor-keys@https://registry.npmmirror.com/eslint-visitor-keys/-/eslint-visitor-keys-4.2.1.tgz. Extracting by manifest.
728 silly tarball no local data for eslint-scope@https://registry.npmmirror.com/eslint-scope/-/eslint-scope-8.4.0.tgz. Extracting by manifest.
729 silly tarball no local data for eslint-plugin-react@https://registry.npmmirror.com/eslint-plugin-react/-/eslint-plugin-react-7.37.5.tgz. Extracting by manifest.
730 silly tarball no local data for espree@https://registry.npmmirror.com/espree/-/espree-10.4.0.tgz. Extracting by manifest.
731 silly tarball no local data for eslint-plugin-jsx-a11y@https://registry.npmmirror.com/eslint-plugin-jsx-a11y/-/eslint-plugin-jsx-a11y-6.10.2.tgz. Extracting by manifest.
732 silly tarball no local data for eslint-plugin-react-hooks@https://registry.npmmirror.com/eslint-plugin-react-hooks/-/eslint-plugin-react-hooks-7.1.1.tgz. Extracting by manifest.
733 silly tarball no local data for eslint@https://registry.npmmirror.com/eslint/-/eslint-9.39.4.tgz. Extracting by manifest.
734 silly tarball no local data for escape-string-regexp@https://registry.npmmirror.com/escape-string-regexp/-/escape-string-regexp-4.0.0.tgz. Extracting by manifest.
735 silly tarball no local data for escape-html@https://registry.npmmirror.com/escape-html/-/escape-html-1.0.3.tgz. Extracting by manifest.
736 silly tarball no local data for esbuild@https://registry.npmmirror.com/esbuild/-/esbuild-0.28.0.tgz. Extracting by manifest.
737 silly tarball no local data for es-shim-unscopables@https://registry.npmmirror.com/es-shim-unscopables/-/es-shim-unscopables-1.1.0.tgz. Extracting by manifest.
738 silly tarball no local data for escalade@https://registry.npmmirror.com/escalade/-/escalade-3.2.0.tgz. Extracting by manifest.
739 silly tarball no local data for es-set-tostringtag@https://registry.npmmirror.com/es-set-tostringtag/-/es-set-tostringtag-2.1.0.tgz. Extracting by manifest.
740 silly tarball no local data for es-to-primitive@https://registry.npmmirror.com/es-to-primitive/-/es-to-primitive-1.3.0.tgz. Extracting by manifest.
741 silly tarball no local data for es-module-lexer@https://registry.npmmirror.com/es-module-lexer/-/es-module-lexer-2.1.0.tgz. Extracting by manifest.
742 silly tarball no local data for es-iterator-helpers@https://registry.npmmirror.com/es-iterator-helpers/-/es-iterator-helpers-1.3.2.tgz. Extracting by manifest.
743 silly tarball no local data for es-define-property@https://registry.npmmirror.com/es-define-property/-/es-define-property-1.0.1.tgz. Extracting by manifest.
744 silly tarball no local data for es-object-atoms@https://registry.npmmirror.com/es-object-atoms/-/es-object-atoms-1.1.1.tgz. Extracting by manifest.
745 silly tarball no local data for es-errors@https://registry.npmmirror.com/es-errors/-/es-errors-1.3.0.tgz. Extracting by manifest.
746 silly tarball no local data for es-abstract@https://registry.npmmirror.com/es-abstract/-/es-abstract-1.24.2.tgz. Extracting by manifest.
747 silly tarball no local data for error-stack-parser-es@https://registry.npmmirror.com/error-stack-parser-es/-/error-stack-parser-es-1.0.5.tgz. Extracting by manifest.
748 silly tarball no local data for enhanced-resolve@https://registry.npmmirror.com/enhanced-resolve/-/enhanced-resolve-5.21.3.tgz. Extracting by manifest.
749 silly tarball no local data for emoji-regex-xs@https://registry.npmmirror.com/emoji-regex-xs/-/emoji-regex-xs-2.0.1.tgz. Extracting by manifest.
750 silly tarball no local data for electron-to-chromium@https://registry.npmmirror.com/electron-to-chromium/-/electron-to-chromium-1.5.358.tgz. Extracting by manifest.
751 silly tarball no local data for emoji-regex@https://registry.npmmirror.com/emoji-regex/-/emoji-regex-9.2.2.tgz. Extracting by manifest.
752 silly tarball no local data for dunder-proto@https://registry.npmmirror.com/dunder-proto/-/dunder-proto-1.0.1.tgz. Extracting by manifest.
753 silly tarball no local data for drizzle-orm@https://registry.npmmirror.com/drizzle-orm/-/drizzle-orm-0.45.2.tgz. Extracting by manifest.
754 silly tarball no local data for doctrine@https://registry.npmmirror.com/doctrine/-/doctrine-2.1.0.tgz. Extracting by manifest.
755 silly tarball no local data for detect-libc@https://registry.npmmirror.com/detect-libc/-/detect-libc-2.1.2.tgz. Extracting by manifest.
756 silly tarball no local data for drizzle-kit@https://registry.npmmirror.com/drizzle-kit/-/drizzle-kit-0.31.10.tgz. Extracting by manifest.
757 silly tarball no local data for define-properties@https://registry.npmmirror.com/define-properties/-/define-properties-1.2.1.tgz. Extracting by manifest.
758 silly tarball no local data for data-view-byte-offset@https://registry.npmmirror.com/data-view-byte-offset/-/data-view-byte-offset-1.0.1.tgz. Extracting by manifest.
759 silly tarball no local data for deep-is@https://registry.npmmirror.com/deep-is/-/deep-is-0.1.4.tgz. Extracting by manifest.
760 silly tarball no local data for define-data-property@https://registry.npmmirror.com/define-data-property/-/define-data-property-1.1.4.tgz. Extracting by manifest.
761 silly tarball no local data for debug@https://registry.npmmirror.com/debug/-/debug-4.4.3.tgz. Extracting by manifest.
762 silly tarball no local data for data-view-byte-length@https://registry.npmmirror.com/data-view-byte-length/-/data-view-byte-length-1.0.2.tgz. Extracting by manifest.
763 silly tarball no local data for css-to-react-native@https://registry.npmmirror.com/css-to-react-native/-/css-to-react-native-3.2.0.tgz. Extracting by manifest.
764 silly tarball no local data for css-gradient-parser@https://registry.npmmirror.com/css-gradient-parser/-/css-gradient-parser-0.0.16.tgz. Extracting by manifest.
765 silly tarball no local data for csstype@https://registry.npmmirror.com/csstype/-/csstype-3.2.3.tgz. Extracting by manifest.
766 silly tarball no local data for data-view-buffer@https://registry.npmmirror.com/data-view-buffer/-/data-view-buffer-1.0.2.tgz. Extracting by manifest.
767 silly tarball no local data for damerau-levenshtein@https://registry.npmmirror.com/damerau-levenshtein/-/damerau-levenshtein-1.0.8.tgz. Extracting by manifest.
768 silly tarball no local data for css-box-shadow@https://registry.npmmirror.com/css-box-shadow/-/css-box-shadow-1.0.0-3.tgz. Extracting by manifest.
769 silly tarball no local data for css-color-keywords@https://registry.npmmirror.com/css-color-keywords/-/css-color-keywords-1.0.0.tgz. Extracting by manifest.
770 silly tarball no local data for cross-spawn@https://registry.npmmirror.com/cross-spawn/-/cross-spawn-7.0.6.tgz. Extracting by manifest.
771 silly tarball no local data for css-background-parser@https://registry.npmmirror.com/css-background-parser/-/css-background-parser-0.1.0.tgz. Extracting by manifest.
772 silly tarball no local data for cookie@https://registry.npmmirror.com/cookie/-/cookie-1.1.1.tgz. Extracting by manifest.
773 silly tarball no local data for convert-source-map@https://registry.npmmirror.com/convert-source-map/-/convert-source-map-2.0.0.tgz. Extracting by manifest.
774 silly tarball no local data for concat-map@https://registry.npmmirror.com/concat-map/-/concat-map-0.0.1.tgz. Extracting by manifest.
775 silly tarball no local data for commander@https://registry.npmmirror.com/commander/-/commander-2.20.3.tgz. Extracting by manifest.
776 silly tarball no local data for color-name@https://registry.npmmirror.com/color-name/-/color-name-1.1.4.tgz. Extracting by manifest.
777 silly tarball no local data for chalk@https://registry.npmmirror.com/chalk/-/chalk-4.1.2.tgz. Extracting by manifest.
778 silly tarball no local data for chrome-trace-event@https://registry.npmmirror.com/chrome-trace-event/-/chrome-trace-event-1.0.4.tgz. Extracting by manifest.
779 silly tarball no local data for camelize@https://registry.npmmirror.com/camelize/-/camelize-1.0.1.tgz. Extracting by manifest.
780 silly tarball no local data for color-convert@https://registry.npmmirror.com/color-convert/-/color-convert-2.0.1.tgz. Extracting by manifest.
781 silly tarball no local data for caniuse-lite@https://registry.npmmirror.com/caniuse-lite/-/caniuse-lite-1.0.30001793.tgz. Extracting by manifest.
782 silly tarball no local data for callsites@https://registry.npmmirror.com/callsites/-/callsites-3.1.0.tgz. Extracting by manifest.
783 silly tarball no local data for call-bound@https://registry.npmmirror.com/call-bound/-/call-bound-1.0.4.tgz. Extracting by manifest.
784 silly tarball no local data for call-bind-apply-helpers@https://registry.npmmirror.com/call-bind-apply-helpers/-/call-bind-apply-helpers-1.0.2.tgz. Extracting by manifest.
785 silly tarball no local data for buffer-from@https://registry.npmmirror.com/buffer-from/-/buffer-from-1.1.2.tgz. Extracting by manifest.
786 silly tarball no local data for call-bind@https://registry.npmmirror.com/call-bind/-/call-bind-1.0.9.tgz. Extracting by manifest.
787 silly tarball no local data for browserslist@https://registry.npmmirror.com/browserslist/-/browserslist-4.28.2.tgz. Extracting by manifest.
788 silly tarball no local data for braces@https://registry.npmmirror.com/braces/-/braces-3.0.3.tgz. Extracting by manifest.
789 silly tarball no local data for brace-expansion@https://registry.npmmirror.com/brace-expansion/-/brace-expansion-1.1.14.tgz. Extracting by manifest.
790 silly tarball no local data for axobject-query@https://registry.npmmirror.com/axobject-query/-/axobject-query-4.1.0.tgz. Extracting by manifest.
791 silly tarball no local data for base64-js@https://registry.npmmirror.com/base64-js/-/base64-js-0.0.8.tgz. Extracting by manifest.
792 silly tarball no local data for blake3-wasm@https://registry.npmmirror.com/blake3-wasm/-/blake3-wasm-2.1.5.tgz. Extracting by manifest.
793 silly tarball no local data for baseline-browser-mapping@https://registry.npmmirror.com/baseline-browser-mapping/-/baseline-browser-mapping-2.10.30.tgz. Extracting by manifest.
794 silly tarball no local data for balanced-match@https://registry.npmmirror.com/balanced-match/-/balanced-match-1.0.2.tgz. Extracting by manifest.
795 silly tarball no local data for axe-core@https://registry.npmmirror.com/axe-core/-/axe-core-4.11.4.tgz. Extracting by manifest.
796 silly tarball no local data for ast-types-flow@https://registry.npmmirror.com/ast-types-flow/-/ast-types-flow-0.0.8.tgz. Extracting by manifest.
797 silly tarball no local data for async-function@https://registry.npmmirror.com/async-function/-/async-function-1.0.0.tgz. Extracting by manifest.
798 silly tarball no local data for available-typed-arrays@https://registry.npmmirror.com/available-typed-arrays/-/available-typed-arrays-1.0.7.tgz. Extracting by manifest.
799 silly tarball no local data for array.prototype.flatmap@https://registry.npmmirror.com/array.prototype.flatmap/-/array.prototype.flatmap-1.3.3.tgz. Extracting by manifest.
800 silly tarball no local data for array.prototype.tosorted@https://registry.npmmirror.com/array.prototype.tosorted/-/array.prototype.tosorted-1.1.4.tgz. Extracting by manifest.
801 silly tarball no local data for array.prototype.flat@https://registry.npmmirror.com/array.prototype.flat/-/array.prototype.flat-1.3.3.tgz. Extracting by manifest.
802 silly tarball no local data for arraybuffer.prototype.slice@https://registry.npmmirror.com/arraybuffer.prototype.slice/-/arraybuffer.prototype.slice-1.0.4.tgz. Extracting by manifest.
803 silly tarball no local data for array-includes@https://registry.npmmirror.com/array-includes/-/array-includes-3.1.9.tgz. Extracting by manifest.
804 silly tarball no local data for array.prototype.findlast@https://registry.npmmirror.com/array.prototype.findlast/-/array.prototype.findlast-1.2.5.tgz. Extracting by manifest.
805 silly tarball no local data for array-buffer-byte-length@https://registry.npmmirror.com/array-buffer-byte-length/-/array-buffer-byte-length-1.0.2.tgz. Extracting by manifest.
806 silly tarball no local data for aria-query@https://registry.npmmirror.com/aria-query/-/aria-query-5.3.2.tgz. Extracting by manifest.
807 silly tarball no local data for ajv-formats@https://registry.npmmirror.com/ajv-formats/-/ajv-formats-2.1.1.tgz. Extracting by manifest.
808 silly tarball no local data for argparse@https://registry.npmmirror.com/argparse/-/argparse-2.0.1.tgz. Extracting by manifest.
809 silly tarball no local data for acorn-loose@https://registry.npmmirror.com/acorn-loose/-/acorn-loose-8.5.2.tgz. Extracting by manifest.
810 silly tarball no local data for ansi-styles@https://registry.npmmirror.com/ansi-styles/-/ansi-styles-4.3.0.tgz. Extracting by manifest.
811 silly tarball no local data for acorn-jsx@https://registry.npmmirror.com/acorn-jsx/-/acorn-jsx-5.3.2.tgz. Extracting by manifest.
812 silly tarball no local data for @xtuc/ieee754@https://registry.npmmirror.com/@xtuc/ieee754/-/ieee754-1.2.0.tgz. Extracting by manifest.
813 silly tarball no local data for acorn-import-phases@https://registry.npmmirror.com/acorn-import-phases/-/acorn-import-phases-1.0.4.tgz. Extracting by manifest.
814 silly tarball no local data for ajv@https://registry.npmmirror.com/ajv/-/ajv-6.15.0.tgz. Extracting by manifest.
815 silly tarball no local data for acorn@https://registry.npmmirror.com/acorn/-/acorn-8.16.0.tgz. Extracting by manifest.
816 silly tarball no local data for @webassemblyjs/wast-printer@https://registry.npmmirror.com/@webassemblyjs/wast-printer/-/wast-printer-1.14.1.tgz. Extracting by manifest.
817 silly tarball no local data for @xtuc/long@https://registry.npmmirror.com/@xtuc/long/-/long-4.2.2.tgz. Extracting by manifest.
818 silly tarball no local data for @webassemblyjs/wasm-parser@https://registry.npmmirror.com/@webassemblyjs/wasm-parser/-/wasm-parser-1.14.1.tgz. Extracting by manifest.
819 silly tarball no local data for @webassemblyjs/wasm-opt@https://registry.npmmirror.com/@webassemblyjs/wasm-opt/-/wasm-opt-1.14.1.tgz. Extracting by manifest.
820 silly tarball no local data for @webassemblyjs/wasm-gen@https://registry.npmmirror.com/@webassemblyjs/wasm-gen/-/wasm-gen-1.14.1.tgz. Extracting by manifest.
821 silly tarball no local data for @webassemblyjs/utf8@https://registry.npmmirror.com/@webassemblyjs/utf8/-/utf8-1.13.2.tgz. Extracting by manifest.
822 silly tarball no local data for @webassemblyjs/wasm-edit@https://registry.npmmirror.com/@webassemblyjs/wasm-edit/-/wasm-edit-1.14.1.tgz. Extracting by manifest.
823 silly tarball no local data for @webassemblyjs/leb128@https://registry.npmmirror.com/@webassemblyjs/leb128/-/leb128-1.13.2.tgz. Extracting by manifest.
824 silly tarball no local data for @webassemblyjs/helper-wasm-section@https://registry.npmmirror.com/@webassemblyjs/helper-wasm-section/-/helper-wasm-section-1.14.1.tgz. Extracting by manifest.
825 silly tarball no local data for @webassemblyjs/ieee754@https://registry.npmmirror.com/@webassemblyjs/ieee754/-/ieee754-1.13.2.tgz. Extracting by manifest.
826 silly tarball no local data for @webassemblyjs/helper-wasm-bytecode@https://registry.npmmirror.com/@webassemblyjs/helper-wasm-bytecode/-/helper-wasm-bytecode-1.13.2.tgz. Extracting by manifest.
827 silly tarball no local data for @webassemblyjs/helper-api-error@https://registry.npmmirror.com/@webassemblyjs/helper-api-error/-/helper-api-error-1.13.2.tgz. Extracting by manifest.
828 silly tarball no local data for @webassemblyjs/floating-point-hex-parser@https://registry.npmmirror.com/@webassemblyjs/floating-point-hex-parser/-/floating-point-hex-parser-1.13.2.tgz. Extracting by manifest.
829 silly tarball no local data for @webassemblyjs/helper-buffer@https://registry.npmmirror.com/@webassemblyjs/helper-buffer/-/helper-buffer-1.14.1.tgz. Extracting by manifest.
830 silly tarball no local data for @webassemblyjs/helper-numbers@https://registry.npmmirror.com/@webassemblyjs/helper-numbers/-/helper-numbers-1.13.2.tgz. Extracting by manifest.
831 silly tarball no local data for @webassemblyjs/ast@https://registry.npmmirror.com/@webassemblyjs/ast/-/ast-1.14.1.tgz. Extracting by manifest.
832 silly tarball no local data for @vitejs/plugin-react@https://registry.npmmirror.com/@vitejs/plugin-react/-/plugin-react-6.0.2.tgz. Extracting by manifest.
833 silly tarball no local data for @vinext/types@https://registry.npmmirror.com/@vinext/types/-/types-1.0.0-beta.2.tgz. Extracting by manifest.
834 silly tarball no local data for @vitejs/plugin-rsc@https://registry.npmmirror.com/@vitejs/plugin-rsc/-/plugin-rsc-0.5.26.tgz. Extracting by manifest.
835 silly tarball no local data for @vercel/og@https://registry.npmmirror.com/@vercel/og/-/og-0.8.6.tgz. Extracting by manifest.
836 silly tarball no local data for @unpic/react@https://registry.npmmirror.com/@unpic/react/-/react-1.0.2.tgz. Extracting by manifest.
837 silly tarball no local data for @unpic/core@https://registry.npmmirror.com/@unpic/core/-/core-1.0.3.tgz. Extracting by manifest.
838 silly tarball no local data for @typescript-eslint/visitor-keys@https://registry.npmmirror.com/@typescript-eslint/visitor-keys/-/visitor-keys-8.59.3.tgz. Extracting by manifest.
839 silly tarball no local data for @typescript-eslint/utils@https://registry.npmmirror.com/@typescript-eslint/utils/-/utils-8.59.3.tgz. Extracting by manifest.
840 silly tarball no local data for @typescript-eslint/types@https://registry.npmmirror.com/@typescript-eslint/types/-/types-8.59.3.tgz. Extracting by manifest.
841 silly tarball no local data for @typescript-eslint/type-utils@https://registry.npmmirror.com/@typescript-eslint/type-utils/-/type-utils-8.59.3.tgz. Extracting by manifest.
842 silly tarball no local data for @typescript-eslint/typescript-estree@https://registry.npmmirror.com/@typescript-eslint/typescript-estree/-/typescript-estree-8.59.3.tgz. Extracting by manifest.
843 silly tarball no local data for @typescript-eslint/scope-manager@https://registry.npmmirror.com/@typescript-eslint/scope-manager/-/scope-manager-8.59.3.tgz. Extracting by manifest.
844 silly tarball no local data for @typescript-eslint/project-service@https://registry.npmmirror.com/@typescript-eslint/project-service/-/project-service-8.59.3.tgz. Extracting by manifest.
845 silly tarball no local data for @types/react-dom@https://registry.npmmirror.com/@types/react-dom/-/react-dom-19.2.3.tgz. Extracting by manifest.
846 silly tarball no local data for @typescript-eslint/tsconfig-utils@https://registry.npmmirror.com/@typescript-eslint/tsconfig-utils/-/tsconfig-utils-8.59.3.tgz. Extracting by manifest.
847 silly tarball no local data for @typescript-eslint/parser@https://registry.npmmirror.com/@typescript-eslint/parser/-/parser-8.59.3.tgz. Extracting by manifest.
848 silly tarball no local data for @typescript-eslint/eslint-plugin@https://registry.npmmirror.com/@typescript-eslint/eslint-plugin/-/eslint-plugin-8.59.3.tgz. Extracting by manifest.
849 silly tarball no local data for @types/json-schema@https://registry.npmmirror.com/@types/json-schema/-/json-schema-7.0.15.tgz. Extracting by manifest.
850 silly tarball no local data for @types/react@https://registry.npmmirror.com/@types/react/-/react-19.2.14.tgz. Extracting by manifest.
851 silly tarball no local data for @types/estree@https://registry.npmmirror.com/@types/estree/-/estree-1.0.9.tgz. Extracting by manifest.
852 silly tarball no local data for @types/node@https://registry.npmmirror.com/@types/node/-/node-22.19.19.tgz. Extracting by manifest.
853 silly tarball no local data for @types/eslint-scope@https://registry.npmmirror.com/@types/eslint-scope/-/eslint-scope-3.7.7.tgz. Extracting by manifest.
854 silly tarball no local data for @types/eslint@https://registry.npmmirror.com/@types/eslint/-/eslint-9.6.1.tgz. Extracting by manifest.
855 silly tarball no local data for @tailwindcss/postcss@https://registry.npmmirror.com/@tailwindcss/postcss/-/postcss-4.2.1.tgz. Extracting by manifest.
856 silly tarball no local data for @tailwindcss/oxide-win32-x64-msvc@https://registry.npmmirror.com/@tailwindcss/oxide-win32-x64-msvc/-/oxide-win32-x64-msvc-4.2.1.tgz. Extracting by manifest.
857 silly tarball no local data for @speed-highlight/core@https://registry.npmmirror.com/@speed-highlight/core/-/core-1.2.15.tgz. Extracting by manifest.
858 silly tarball no local data for @tailwindcss/oxide@https://registry.npmmirror.com/@tailwindcss/oxide/-/oxide-4.2.1.tgz. Extracting by manifest.
859 silly tarball no local data for @tailwindcss/node@https://registry.npmmirror.com/@tailwindcss/node/-/node-4.2.1.tgz. Extracting by manifest.
860 silly tarball no local data for @rolldown/pluginutils@https://registry.npmmirror.com/@rolldown/pluginutils/-/pluginutils-1.0.1.tgz. Extracting by manifest.
861 silly tarball no local data for @shuding/opentype.js@https://registry.npmmirror.com/@shuding/opentype.js/-/opentype.js-1.4.0-beta.0.tgz. Extracting by manifest.
862 silly tarball no local data for @resvg/resvg-wasm@https://registry.npmmirror.com/@resvg/resvg-wasm/-/resvg-wasm-2.4.0.tgz. Extracting by manifest.
863 silly tarball no local data for @sindresorhus/is@https://registry.npmmirror.com/@sindresorhus/is/-/is-7.2.0.tgz. Extracting by manifest.
864 silly tarball no local data for @rolldown/binding-win32-x64-msvc@https://registry.npmmirror.com/@rolldown/binding-win32-x64-msvc/-/binding-win32-x64-msvc-1.0.1.tgz. Extracting by manifest.
865 silly tarball no local data for @openai/sites-vite-plugin@https://registry.npmmirror.com/@openai/sites-vite-plugin/-/sites-vite-plugin-0.1.0.tgz. Extracting by manifest.
866 silly tarball no local data for @poppinss/colors@https://registry.npmmirror.com/@poppinss/colors/-/colors-4.1.6.tgz. Extracting by manifest.
867 silly tarball no local data for @oxc-project/types@https://registry.npmmirror.com/@oxc-project/types/-/types-0.130.0.tgz. Extracting by manifest.
868 silly tarball no local data for @poppinss/exception@https://registry.npmmirror.com/@poppinss/exception/-/exception-1.2.3.tgz. Extracting by manifest.
869 silly tarball no local data for @poppinss/dumper@https://registry.npmmirror.com/@poppinss/dumper/-/dumper-0.6.5.tgz. Extracting by manifest.
870 silly tarball no local data for @nodelib/fs.walk@https://registry.npmmirror.com/@nodelib/fs.walk/-/fs.walk-1.2.8.tgz. Extracting by manifest.
871 silly tarball no local data for @nodelib/fs.stat@https://registry.npmmirror.com/@nodelib/fs.stat/-/fs.stat-2.0.5.tgz. Extracting by manifest.
872 silly tarball no local data for @next/eslint-plugin-next@https://registry.npmmirror.com/@next/eslint-plugin-next/-/eslint-plugin-next-16.2.6.tgz. Extracting by manifest.
873 silly tarball no local data for @jridgewell/trace-mapping@https://registry.npmmirror.com/@jridgewell/trace-mapping/-/trace-mapping-0.3.31.tgz. Extracting by manifest.
874 silly tarball no local data for @jridgewell/sourcemap-codec@https://registry.npmmirror.com/@jridgewell/sourcemap-codec/-/sourcemap-codec-1.5.5.tgz. Extracting by manifest.
875 silly tarball no local data for @nodelib/fs.scandir@https://registry.npmmirror.com/@nodelib/fs.scandir/-/fs.scandir-2.1.5.tgz. Extracting by manifest.
876 silly tarball no local data for @jridgewell/source-map@https://registry.npmmirror.com/@jridgewell/source-map/-/source-map-0.3.11.tgz. Extracting by manifest.
877 silly tarball no local data for @jridgewell/remapping@https://registry.npmmirror.com/@jridgewell/remapping/-/remapping-2.3.5.tgz. Extracting by manifest.
878 silly tarball no local data for @jridgewell/resolve-uri@https://registry.npmmirror.com/@jridgewell/resolve-uri/-/resolve-uri-3.1.2.tgz. Extracting by manifest.
879 silly tarball no local data for @humanwhocodes/retry@https://registry.npmmirror.com/@humanwhocodes/retry/-/retry-0.4.3.tgz. Extracting by manifest.
880 silly tarball no local data for @img/colour@https://registry.npmmirror.com/@img/colour/-/colour-1.1.0.tgz. Extracting by manifest.
881 silly tarball no local data for @jridgewell/gen-mapping@https://registry.npmmirror.com/@jridgewell/gen-mapping/-/gen-mapping-0.3.13.tgz. Extracting by manifest.
882 silly tarball no local data for @humanwhocodes/module-importer@https://registry.npmmirror.com/@humanwhocodes/module-importer/-/module-importer-1.0.1.tgz. Extracting by manifest.
883 silly tarball no local data for @img/sharp-win32-x64@https://registry.npmmirror.com/@img/sharp-win32-x64/-/sharp-win32-x64-0.34.5.tgz. Extracting by manifest.
884 silly tarball no local data for @humanfs/types@https://registry.npmmirror.com/@humanfs/types/-/types-0.15.0.tgz. Extracting by manifest.
885 silly tarball no local data for @eslint/plugin-kit@https://registry.npmmirror.com/@eslint/plugin-kit/-/plugin-kit-0.4.1.tgz. Extracting by manifest.
886 silly tarball no local data for @humanfs/core@https://registry.npmmirror.com/@humanfs/core/-/core-0.19.2.tgz. Extracting by manifest.
887 silly tarball no local data for @humanfs/node@https://registry.npmmirror.com/@humanfs/node/-/node-0.16.8.tgz. Extracting by manifest.
888 silly tarball no local data for @eslint/object-schema@https://registry.npmmirror.com/@eslint/object-schema/-/object-schema-2.1.7.tgz. Extracting by manifest.
889 silly tarball no local data for @eslint/js@https://registry.npmmirror.com/@eslint/js/-/js-9.39.4.tgz. Extracting by manifest.
890 silly tarball no local data for @eslint/eslintrc@https://registry.npmmirror.com/@eslint/eslintrc/-/eslintrc-3.3.5.tgz. Extracting by manifest.
891 silly tarball no local data for @eslint/core@https://registry.npmmirror.com/@eslint/core/-/core-0.17.0.tgz. Extracting by manifest.
892 silly tarball no local data for @eslint-community/eslint-utils@https://registry.npmmirror.com/@eslint-community/eslint-utils/-/eslint-utils-4.9.1.tgz. Extracting by manifest.
893 silly tarball no local data for @eslint-community/regexpp@https://registry.npmmirror.com/@eslint-community/regexpp/-/regexpp-4.12.2.tgz. Extracting by manifest.
894 silly tarball no local data for @eslint/config-helpers@https://registry.npmmirror.com/@eslint/config-helpers/-/config-helpers-0.4.2.tgz. Extracting by manifest.
895 silly tarball no local data for @eslint/config-array@https://registry.npmmirror.com/@eslint/config-array/-/config-array-0.21.2.tgz. Extracting by manifest.
896 silly tarball no local data for @esbuild/win32-x64@https://registry.npmmirror.com/@esbuild/win32-x64/-/win32-x64-0.28.0.tgz. Extracting by manifest.
897 silly tarball no local data for @esbuild-kit/esm-loader@https://registry.npmmirror.com/@esbuild-kit/esm-loader/-/esm-loader-2.6.5.tgz. Extracting by manifest.
898 silly tarball no local data for @esbuild-kit/core-utils@https://registry.npmmirror.com/@esbuild-kit/core-utils/-/core-utils-3.3.2.tgz. Extracting by manifest.
899 silly tarball no local data for @drizzle-team/brocli@https://registry.npmmirror.com/@drizzle-team/brocli/-/brocli-0.10.2.tgz. Extracting by manifest.
900 silly tarball no local data for @cspotcode/source-map-support@https://registry.npmmirror.com/@cspotcode/source-map-support/-/source-map-support-0.8.1.tgz. Extracting by manifest.
901 silly tarball no local data for @cloudflare/workerd-windows-64@https://registry.npmmirror.com/@cloudflare/workerd-windows-64/-/workerd-windows-64-1.20260515.1.tgz. Extracting by manifest.
902 silly tarball no local data for @cloudflare/vite-plugin@https://registry.npmmirror.com/@cloudflare/vite-plugin/-/vite-plugin-1.37.1.tgz. Extracting by manifest.
903 silly tarball no local data for @babel/types@https://registry.npmmirror.com/@babel/types/-/types-7.29.0.tgz. Extracting by manifest.
904 silly tarball no local data for @cloudflare/kv-asset-handler@https://registry.npmmirror.com/@cloudflare/kv-asset-handler/-/kv-asset-handler-0.5.0.tgz. Extracting by manifest.
905 silly tarball no local data for @babel/traverse@https://registry.npmmirror.com/@babel/traverse/-/traverse-7.29.0.tgz. Extracting by manifest.
906 silly tarball no local data for @cloudflare/unenv-preset@https://registry.npmmirror.com/@cloudflare/unenv-preset/-/unenv-preset-2.16.1.tgz. Extracting by manifest.
907 silly tarball no local data for @babel/template@https://registry.npmmirror.com/@babel/template/-/template-7.28.6.tgz. Extracting by manifest.
908 silly tarball no local data for @babel/helpers@https://registry.npmmirror.com/@babel/helpers/-/helpers-7.29.2.tgz. Extracting by manifest.
909 silly tarball no local data for @babel/helper-validator-option@https://registry.npmmirror.com/@babel/helper-validator-option/-/helper-validator-option-7.27.1.tgz. Extracting by manifest.
910 silly tarball no local data for @babel/helper-validator-identifier@https://registry.npmmirror.com/@babel/helper-validator-identifier/-/helper-validator-identifier-7.28.5.tgz. Extracting by manifest.
911 silly tarball no local data for @babel/parser@https://registry.npmmirror.com/@babel/parser/-/parser-7.29.3.tgz. Extracting by manifest.
912 silly tarball no local data for @babel/helper-string-parser@https://registry.npmmirror.com/@babel/helper-string-parser/-/helper-string-parser-7.27.1.tgz. Extracting by manifest.
913 silly tarball no local data for @babel/helper-module-transforms@https://registry.npmmirror.com/@babel/helper-module-transforms/-/helper-module-transforms-7.28.6.tgz. Extracting by manifest.
914 silly tarball no local data for @babel/helper-module-imports@https://registry.npmmirror.com/@babel/helper-module-imports/-/helper-module-imports-7.28.6.tgz. Extracting by manifest.
915 silly tarball no local data for @babel/helper-globals@https://registry.npmmirror.com/@babel/helper-globals/-/helper-globals-7.28.0.tgz. Extracting by manifest.
916 silly tarball no local data for @babel/helper-compilation-targets@https://registry.npmmirror.com/@babel/helper-compilation-targets/-/helper-compilation-targets-7.28.6.tgz. Extracting by manifest.
917 silly tarball no local data for @babel/generator@https://registry.npmmirror.com/@babel/generator/-/generator-7.29.1.tgz. Extracting by manifest.
918 silly tarball no local data for @babel/core@https://registry.npmmirror.com/@babel/core/-/core-7.29.0.tgz. Extracting by manifest.
919 silly tarball no local data for @babel/compat-data@https://registry.npmmirror.com/@babel/compat-data/-/compat-data-7.29.3.tgz. Extracting by manifest.
920 silly tarball no local data for @alloc/quick-lru@https://registry.npmmirror.com/@alloc/quick-lru/-/quick-lru-5.2.0.tgz. Extracting by manifest.
921 silly tarball no local data for @babel/code-frame@https://registry.npmmirror.com/@babel/code-frame/-/code-frame-7.29.0.tgz. Extracting by manifest.
922 silly tarball no local data for estraverse@https://registry.npmmirror.com/estraverse/-/estraverse-4.3.0.tgz. Extracting by manifest.
923 silly tarball no local data for @esbuild/win32-x64@https://registry.npmmirror.com/@esbuild/win32-x64/-/win32-x64-0.27.3.tgz. Extracting by manifest.
924 silly tarball no local data for eslint-scope@https://registry.npmmirror.com/eslint-scope/-/eslint-scope-5.1.1.tgz. Extracting by manifest.
925 silly tarball no local data for esbuild@https://registry.npmmirror.com/esbuild/-/esbuild-0.27.3.tgz. Extracting by manifest.
926 silly tarball no local data for glob-parent@https://registry.npmmirror.com/glob-parent/-/glob-parent-5.1.2.tgz. Extracting by manifest.
927 silly tarball no local data for lightningcss-win32-x64-msvc@https://registry.npmmirror.com/lightningcss-win32-x64-msvc/-/lightningcss-win32-x64-msvc-1.32.0.tgz. Extracting by manifest.
928 silly tarball no local data for picomatch@https://registry.npmmirror.com/picomatch/-/picomatch-4.0.4.tgz. Extracting by manifest.
929 silly tarball no local data for fast-glob@https://registry.npmmirror.com/fast-glob/-/fast-glob-3.3.3.tgz. Extracting by manifest.
930 silly tarball no local data for lightningcss@https://registry.npmmirror.com/lightningcss/-/lightningcss-1.32.0.tgz. Extracting by manifest.
931 silly tarball no local data for fdir@https://registry.npmmirror.com/fdir/-/fdir-6.5.0.tgz. Extracting by manifest.
932 silly tarball no local data for es-module-lexer@https://registry.npmmirror.com/es-module-lexer/-/es-module-lexer-1.7.0.tgz. Extracting by manifest.
933 silly tarball no local data for picomatch@https://registry.npmmirror.com/picomatch/-/picomatch-4.0.4.tgz. Extracting by manifest.
934 silly tarball no local data for semver@https://registry.npmmirror.com/semver/-/semver-7.8.0.tgz. Extracting by manifest.
935 silly tarball no local data for json-schema-traverse@https://registry.npmmirror.com/json-schema-traverse/-/json-schema-traverse-1.0.0.tgz. Extracting by manifest.
936 silly tarball no local data for js-tokens@https://registry.npmmirror.com/js-tokens/-/js-tokens-9.0.1.tgz. Extracting by manifest.
937 silly tarball no local data for ajv-keywords@https://registry.npmmirror.com/ajv-keywords/-/ajv-keywords-5.1.0.tgz. Extracting by manifest.
938 silly tarball no local data for ajv@https://registry.npmmirror.com/ajv/-/ajv-8.20.0.tgz. Extracting by manifest.
939 silly tarball no local data for supports-color@https://registry.npmmirror.com/supports-color/-/supports-color-8.1.1.tgz. Extracting by manifest.
940 silly tarball no local data for glob-parent@https://registry.npmmirror.com/glob-parent/-/glob-parent-5.1.2.tgz. Extracting by manifest.
941 silly tarball no local data for esbuild@https://registry.npmmirror.com/esbuild/-/esbuild-0.25.12.tgz. Extracting by manifest.
942 silly tarball no local data for @esbuild/win32-x64@https://registry.npmmirror.com/@esbuild/win32-x64/-/win32-x64-0.25.12.tgz. Extracting by manifest.
943 silly tarball no local data for json-schema-traverse@https://registry.npmmirror.com/json-schema-traverse/-/json-schema-traverse-1.0.0.tgz. Extracting by manifest.
944 silly tarball no local data for ajv@https://registry.npmmirror.com/ajv/-/ajv-8.20.0.tgz. Extracting by manifest.
945 silly tarball no local data for @rolldown/pluginutils@https://registry.npmmirror.com/@rolldown/pluginutils/-/pluginutils-1.0.0-rc.18.tgz. Extracting by manifest.
946 silly tarball no local data for minimatch@https://registry.npmmirror.com/minimatch/-/minimatch-10.2.5.tgz. Extracting by manifest.
947 silly tarball no local data for ignore@https://registry.npmmirror.com/ignore/-/ignore-7.0.5.tgz. Extracting by manifest.
948 silly tarball no local data for brace-expansion@https://registry.npmmirror.com/brace-expansion/-/brace-expansion-5.0.6.tgz. Extracting by manifest.
949 silly tarball no local data for balanced-match@https://registry.npmmirror.com/balanced-match/-/balanced-match-4.0.4.tgz. Extracting by manifest.
950 silly tarball no local data for semver@https://registry.npmmirror.com/semver/-/semver-7.8.0.tgz. Extracting by manifest.
951 silly tarball no local data for supports-color@https://registry.npmmirror.com/supports-color/-/supports-color-10.2.2.tgz. Extracting by manifest.
952 silly tarball no local data for eslint-visitor-keys@https://registry.npmmirror.com/eslint-visitor-keys/-/eslint-visitor-keys-5.0.1.tgz. Extracting by manifest.
953 silly tarball no local data for globals@https://registry.npmmirror.com/globals/-/globals-14.0.0.tgz. Extracting by manifest.
954 silly tarball no local data for eslint-visitor-keys@https://registry.npmmirror.com/eslint-visitor-keys/-/eslint-visitor-keys-3.4.3.tgz. Extracting by manifest.
955 silly tarball no local data for esbuild@https://registry.npmmirror.com/esbuild/-/esbuild-0.18.20.tgz. Extracting by manifest.
956 silly tarball no local data for @jridgewell/trace-mapping@https://registry.npmmirror.com/@jridgewell/trace-mapping/-/trace-mapping-0.3.9.tgz. Extracting by manifest.
957 silly tarball no local data for @esbuild/win32-x64@https://registry.npmmirror.com/@esbuild/win32-x64/-/win32-x64-0.18.20.tgz. Extracting by manifest.
958 http fetch GET 200 https://registry.npmmirror.com/npm 2132ms
959 http fetch GET 200 https://cdn.npmmirror.com/packages/which-collection/1.0.2/which-collection-1.0.2.tgz 13026ms (cache miss)
960 http fetch GET 200 https://cdn.npmmirror.com/packages/unicode-trie/2.0.0/unicode-trie-2.0.0.tgz 13813ms (cache miss)
961 http fetch GET 200 https://cdn.npmmirror.com/packages/unpic/4.2.2/unpic-4.2.2.tgz 13844ms (cache miss)
962 http fetch GET 200 https://cdn.npmmirror.com/packages/watchpack/2.5.1/watchpack-2.5.1.tgz 14729ms (cache miss)
963 http fetch GET 200 https://cdn.npmmirror.com/packages/undici/7.24.8/undici-7.24.8.tgz 14761ms (cache miss)
964 http fetch GET 200 https://cdn.npmmirror.com/packages/typescript-eslint/8.59.3/typescript-eslint-8.59.3.tgz 14782ms (cache miss)
965 http fetch GET 200 https://cdn.npmmirror.com/packages/unbox-primitive/1.1.0/unbox-primitive-1.1.0.tgz 14812ms (cache miss)
966 http fetch GET 200 https://cdn.npmmirror.com/packages/vitefu/1.1.3/vitefu-1.1.3.tgz 14845ms (cache miss)
967 http fetch GET 200 https://cdn.npmmirror.com/packages/ws/8.18.0/ws-8.18.0.tgz 15034ms (cache miss)
968 http fetch GET 200 https://cdn.npmmirror.com/packages/typed-array-length/1.0.7/typed-array-length-1.0.7.tgz 15195ms (cache miss)
969 http fetch GET 200 https://cdn.npmmirror.com/packages/webpack-sources/3.4.1/webpack-sources-3.4.1.tgz 15217ms (cache miss)
970 http fetch GET 200 https://cdn.npmmirror.com/packages/vite/8.0.13/vite-8.0.13.tgz 15314ms (cache miss)
971 http fetch GET 200 https://cdn.npmmirror.com/packages/typed-array-buffer/1.0.3/typed-array-buffer-1.0.3.tgz 15337ms (cache miss)
972 http fetch GET 200 https://cdn.npmmirror.com/packages/type-check/0.4.0/type-check-0.4.0.tgz 15366ms (cache miss)
973 http fetch GET 200 https://cdn.npmmirror.com/packages/tsx/4.22.1/tsx-4.22.1.tgz 15510ms (cache miss)
974 http fetch GET 200 https://cdn.npmmirror.com/packages/youch-core/0.3.3/youch-core-0.3.3.tgz 15549ms (cache miss)
975 http fetch GET 200 https://cdn.npmmirror.com/packages/to-regex-range/5.0.1/to-regex-range-5.0.1.tgz 15565ms (cache miss)
976 http fetch GET 200 https://cdn.npmmirror.com/packages/zod-validation-error/4.0.2/zod-validation-error-4.0.2.tgz 15626ms (cache miss)
977 http fetch GET 200 https://cdn.npmmirror.com/packages/tapable/2.3.3/tapable-2.3.3.tgz 15772ms (cache miss)
978 http fetch GET 200 https://cdn.npmmirror.com/packages/turbo-stream/3.2.0/turbo-stream-3.2.0.tgz 15804ms (cache miss)
979 http fetch GET 200 https://cdn.npmmirror.com/packages/which/2.0.2/which-2.0.2.tgz 15920ms (cache miss)
980 http fetch GET 200 https://cdn.npmmirror.com/packages/unenv/2.0.0-rc.24/unenv-2.0.0-rc.24.tgz 15958ms (cache miss)
981 http fetch GET 200 https://cdn.npmmirror.com/packages/terser/5.47.1/terser-5.47.1.tgz 16130ms (cache miss)
982 http fetch GET 200 https://cdn.npmmirror.com/packages/typed-array-byte-length/1.0.3/typed-array-byte-length-1.0.3.tgz 16166ms (cache miss)
983 http fetch GET 200 https://cdn.npmmirror.com/packages/terser-webpack-plugin/5.6.0/terser-webpack-plugin-5.6.0.tgz 16174ms (cache miss)
984 http fetch GET 200 https://cdn.npmmirror.com/packages/which-typed-array/1.1.20/which-typed-array-1.1.20.tgz 16213ms (cache miss)
985 http fetch GET 200 https://cdn.npmmirror.com/packages/ts-api-utils/2.5.0/ts-api-utils-2.5.0.tgz 16251ms (cache miss)
986 http fetch GET 200 https://cdn.npmmirror.com/packages/supports-color/7.2.0/supports-color-7.2.0.tgz 16275ms (cache miss)
987 http fetch GET 200 https://cdn.npmmirror.com/packages/strip-json-comments/3.1.1/strip-json-comments-3.1.1.tgz 16304ms (cache miss)
988 http fetch GET 200 https://cdn.npmmirror.com/packages/supports-preserve-symlinks-flag/1.0.0/supports-preserve-symlinks-flag-1.0.0.tgz 16333ms (cache miss)
989 http fetch GET 200 https://cdn.npmmirror.com/packages/strip-literal/3.1.0/strip-literal-3.1.0.tgz 16365ms (cache miss)
990 http fetch GET 200 https://cdn.npmmirror.com/packages/string.prototype.trimstart/1.0.8/string.prototype.trimstart-1.0.8.tgz 16393ms (cache miss)
991 http fetch GET 200 https://cdn.npmmirror.com/packages/string.prototype.repeat/1.0.0/string.prototype.repeat-1.0.0.tgz 16419ms (cache miss)
992 http fetch GET 200 https://cdn.npmmirror.com/packages/string.prototype.matchall/4.0.12/string.prototype.matchall-4.0.12.tgz 16451ms (cache miss)
993 http fetch GET 200 https://cdn.npmmirror.com/packages/string.prototype.trimend/1.0.9/string.prototype.trimend-1.0.9.tgz 16479ms (cache miss)
994 http fetch GET 200 https://cdn.npmmirror.com/packages/tailwindcss/4.2.1/tailwindcss-4.2.1.tgz 16602ms (cache miss)
995 http fetch GET 200 https://cdn.npmmirror.com/packages/stop-iteration-iterator/1.1.0/stop-iteration-iterator-1.1.0.tgz 16621ms (cache miss)
996 http fetch GET 200 https://cdn.npmmirror.com/packages/srvx/0.11.15/srvx-0.11.15.tgz 16673ms (cache miss)
997 http fetch GET 200 https://cdn.npmmirror.com/packages/source-map/0.6.1/source-map-0.6.1.tgz 16773ms (cache miss)
998 http fetch GET 200 https://cdn.npmmirror.com/packages/tiny-inflate/1.0.3/tiny-inflate-1.0.3.tgz 16863ms (cache miss)
999 http fetch GET 200 https://cdn.npmmirror.com/packages/typed-array-byte-offset/1.0.4/typed-array-byte-offset-1.0.4.tgz 17139ms (cache miss)
1000 http fetch GET 200 https://cdn.npmmirror.com/packages/source-map-js/1.2.1/source-map-js-1.2.1.tgz 17506ms (cache miss)
1001 http fetch GET 200 https://cdn.npmmirror.com/packages/vite-plugin-dynamic-import/1.6.0/vite-plugin-dynamic-import-1.6.0.tgz 17650ms (cache miss)
1002 http fetch GET 200 https://cdn.npmmirror.com/packages/tinyglobby/0.2.16/tinyglobby-0.2.16.tgz 17647ms (cache miss)
1003 http fetch GET 200 https://cdn.npmmirror.com/packages/shebang-command/2.0.0/shebang-command-2.0.0.tgz 17672ms (cache miss)
1004 http fetch GET 200 https://cdn.npmmirror.com/packages/wrangler/4.92.0/wrangler-4.92.0.tgz 17782ms (cache miss)
1005 http fetch GET 200 https://cdn.npmmirror.com/packages/string.prototype.trim/1.2.10/string.prototype.trim-1.2.10.tgz 17788ms (cache miss)
1006 http fetch GET 200 https://cdn.npmmirror.com/packages/side-channel/1.1.0/side-channel-1.1.0.tgz 17786ms (cache miss)
1007 http fetch GET 200 https://cdn.npmmirror.com/packages/set-proto/1.0.0/set-proto-1.0.0.tgz 17811ms (cache miss)
1008 http fetch GET 200 https://cdn.npmmirror.com/packages/set-function-length/1.2.2/set-function-length-1.2.2.tgz 17837ms (cache miss)
1009 http fetch GET 200 https://cdn.npmmirror.com/packages/side-channel-map/1.0.1/side-channel-map-1.0.1.tgz 17850ms (cache miss)
1010 http fetch GET 200 https://cdn.npmmirror.com/packages/semver/6.3.1/semver-6.3.1.tgz 17867ms (cache miss)
1011 http fetch GET 200 https://cdn.npmmirror.com/packages/schema-utils/4.3.3/schema-utils-4.3.3.tgz 17908ms (cache miss)
1012 http fetch GET 200 https://cdn.npmmirror.com/packages/string.prototype.includes/2.0.1/string.prototype.includes-2.0.1.tgz 17976ms (cache miss)
1013 http fetch GET 200 https://cdn.npmmirror.com/packages/satori/0.16.0/satori-0.16.0.tgz 18079ms (cache miss)
1014 http fetch GET 200 https://cdn.npmmirror.com/packages/scheduler/0.27.0/scheduler-0.27.0.tgz 18115ms (cache miss)
1015 http fetch GET 200 https://cdn.npmmirror.com/packages/side-channel-list/1.0.1/side-channel-list-1.0.1.tgz 18142ms (cache miss)
1016 http fetch GET 200 https://cdn.npmmirror.com/packages/safe-array-concat/1.1.4/safe-array-concat-1.1.4.tgz 18167ms (cache miss)
1017 http fetch GET 200 https://cdn.npmmirror.com/packages/safe-regex-test/1.1.0/safe-regex-test-1.1.0.tgz 18195ms (cache miss)
1018 http fetch GET 200 https://cdn.npmmirror.com/packages/side-channel-weakmap/1.0.2/side-channel-weakmap-1.0.2.tgz 18226ms (cache miss)
1019 http fetch GET 200 https://cdn.npmmirror.com/packages/rolldown/1.0.1/rolldown-1.0.1.tgz 18299ms (cache miss)
1020 http fetch GET 200 https://cdn.npmmirror.com/packages/shebang-regex/3.0.0/shebang-regex-3.0.0.tgz 18324ms (cache miss)
1021 http fetch GET 200 https://cdn.npmmirror.com/packages/resolve-from/4.0.0/resolve-from-4.0.0.tgz 18349ms (cache miss)
1022 http fetch GET 200 https://cdn.npmmirror.com/packages/require-from-string/2.0.2/require-from-string-2.0.2.tgz 18413ms (cache miss)
1023 http fetch GET 200 https://cdn.npmmirror.com/packages/regexp.prototype.flags/1.5.4/regexp.prototype.flags-1.5.4.tgz 18450ms (cache miss)
1024 http fetch GET 200 https://cdn.npmmirror.com/packages/resolve/2.0.0-next.7/resolve-2.0.0-next.7.tgz 18466ms (cache miss)
1025 http fetch GET 200 https://cdn.npmmirror.com/packages/undici-types/6.21.0/undici-types-6.21.0.tgz 18490ms (cache miss)
1026 http fetch GET 200 https://cdn.npmmirror.com/packages/reusify/1.1.0/reusify-1.1.0.tgz 18478ms (cache miss)
1027 http fetch GET 200 https://cdn.npmmirror.com/packages/reflect.getprototypeof/1.0.10/reflect.getprototypeof-1.0.10.tgz 18503ms (cache miss)
1028 http fetch GET 200 https://cdn.npmmirror.com/packages/string.prototype.codepointat/0.2.1/string.prototype.codepointat-0.2.1.tgz 18535ms (cache miss)
1029 http fetch GET 200 https://cdn.npmmirror.com/packages/react-loading-skeleton/3.5.0/react-loading-skeleton-3.5.0.tgz 18558ms (cache miss)
1030 http fetch GET 200 https://cdn.npmmirror.com/packages/run-parallel/1.2.0/run-parallel-1.2.0.tgz 18592ms (cache miss)
1031 http fetch GET 200 https://cdn.npmmirror.com/packages/react-is/16.13.1/react-is-16.13.1.tgz 18619ms (cache miss)
1032 http fetch GET 200 https://cdn.npmmirror.com/packages/source-map-support/0.5.21/source-map-support-0.5.21.tgz 18644ms (cache miss)
1033 http fetch GET 200 https://cdn.npmmirror.com/packages/react/19.2.6/react-19.2.6.tgz 18661ms (cache miss)
1034 http fetch GET 200 https://cdn.npmmirror.com/packages/queue-microtask/1.2.3/queue-microtask-1.2.3.tgz 18680ms (cache miss)
1035 http fetch GET 200 https://cdn.npmmirror.com/packages/postcss-value-parser/4.2.0/postcss-value-parser-4.2.0.tgz 18683ms (cache miss)
1036 http fetch GET 200 https://cdn.npmmirror.com/packages/possible-typed-array-names/1.1.0/possible-typed-array-names-1.1.0.tgz 18725ms (cache miss)
1037 http fetch GET 200 https://cdn.npmmirror.com/packages/postcss/8.5.14/postcss-8.5.14.tgz 18741ms (cache miss)
1038 http fetch GET 200 https://cdn.npmmirror.com/packages/picocolors/1.1.1/picocolors-1.1.1.tgz 18746ms (cache miss)
1039 http fetch GET 200 https://cdn.npmmirror.com/packages/uri-js/4.4.1/uri-js-4.4.1.tgz 18766ms (cache miss)
1040 http fetch GET 200 https://cdn.npmmirror.com/packages/sharp/0.34.5/sharp-0.34.5.tgz 18769ms (cache miss)
1041 http fetch GET 200 https://cdn.npmmirror.com/packages/pathe/2.0.3/pathe-2.0.3.tgz 18851ms (cache miss)
1042 http fetch GET 200 https://cdn.npmmirror.com/packages/react-server-dom-webpack/19.2.6/react-server-dom-webpack-19.2.6.tgz 18872ms (cache miss)
1043 http fetch GET 200 https://cdn.npmmirror.com/packages/path-to-regexp/6.3.0/path-to-regexp-6.3.0.tgz 18902ms (cache miss)
1044 http fetch GET 200 https://cdn.npmmirror.com/packages/web-vitals/4.2.4/web-vitals-4.2.4.tgz 18946ms (cache miss)
1045 http fetch GET 200 https://cdn.npmmirror.com/packages/path-key/3.1.1/path-key-3.1.1.tgz 18926ms (cache miss)
1046 http fetch GET 200 https://cdn.npmmirror.com/packages/prelude-ls/1.2.1/prelude-ls-1.2.1.tgz 18934ms (cache miss)
1047 http fetch GET 200 https://cdn.npmmirror.com/packages/parent-module/1.0.1/parent-module-1.0.1.tgz 18953ms (cache miss)
1048 http fetch GET 200 https://cdn.npmmirror.com/packages/path-parse/1.0.7/path-parse-1.0.7.tgz 18962ms (cache miss)
1049 http fetch GET 200 https://cdn.npmmirror.com/packages/path-exists/4.0.0/path-exists-4.0.0.tgz 18966ms (cache miss)
1050 http fetch GET 200 https://cdn.npmmirror.com/packages/own-keys/1.0.1/own-keys-1.0.1.tgz 18982ms (cache miss)
1051 http fetch GET 200 https://cdn.npmmirror.com/packages/p-locate/5.0.0/p-locate-5.0.0.tgz 19010ms (cache miss)
1052 http fetch GET 200 https://cdn.npmmirror.com/packages/p-limit/3.1.0/p-limit-3.1.0.tgz 19018ms (cache miss)
1053 http fetch GET 200 https://cdn.npmmirror.com/packages/yoga-layout/3.2.1/yoga-layout-3.2.1.tgz 19092ms (cache miss)
1054 http fetch GET 200 https://cdn.npmmirror.com/packages/object.values/1.2.1/object.values-1.2.1.tgz 19093ms (cache miss)
1055 http fetch GET 200 https://cdn.npmmirror.com/packages/object.assign/4.1.7/object.assign-4.1.7.tgz 19129ms (cache miss)
1056 http fetch GET 200 https://cdn.npmmirror.com/packages/set-function-name/2.0.2/set-function-name-2.0.2.tgz 19143ms (cache miss)
1057 http fetch GET 200 https://cdn.npmmirror.com/packages/object.entries/1.1.9/object.entries-1.1.9.tgz 19162ms (cache miss)
1058 http fetch GET 200 https://cdn.npmmirror.com/packages/safe-push-apply/1.0.0/safe-push-apply-1.0.0.tgz 19177ms (cache miss)
1059 http fetch GET 200 https://cdn.npmmirror.com/packages/object-keys/1.1.1/object-keys-1.1.1.tgz 19185ms (cache miss)
1060 http fetch GET 200 https://cdn.npmmirror.com/packages/picomatch/2.3.2/picomatch-2.3.2.tgz 19211ms (cache miss)
1061 http fetch GET 200 https://cdn.npmmirror.com/packages/object-assign/4.1.1/object-assign-4.1.1.tgz 19212ms (cache miss)
1062 http fetch GET 200 https://cdn.npmmirror.com/packages/word-wrap/1.2.5/word-wrap-1.2.5.tgz 19277ms (cache miss)
1063 http fetch GET 200 https://cdn.npmmirror.com/packages/node-releases/2.0.44/node-releases-2.0.44.tgz 19279ms (cache miss)
1064 http fetch GET 200 https://cdn.npmmirror.com/packages/neo-async/2.6.2/neo-async-2.6.2.tgz 19289ms (cache miss)
1065 http fetch GET 200 https://cdn.npmmirror.com/packages/parse-css-color/0.2.1/parse-css-color-0.2.1.tgz 19311ms (cache miss)
1066 http fetch GET 200 https://cdn.npmmirror.com/packages/nanoid/3.3.12/nanoid-3.3.12.tgz 19320ms (cache miss)
1067 http fetch GET 200 https://cdn.npmmirror.com/packages/ms/2.1.3/ms-2.1.3.tgz 19335ms (cache miss)
1068 http fetch GET 200 https://cdn.npmmirror.com/packages/object.fromentries/2.0.8/object.fromentries-2.0.8.tgz 19338ms (cache miss)
1069 http fetch GET 200 https://cdn.npmmirror.com/packages/optionator/0.9.4/optionator-0.9.4.tgz 19348ms (cache miss)
1070 http fetch GET 200 https://cdn.npmmirror.com/packages/minimatch/3.1.5/minimatch-3.1.5.tgz 19366ms (cache miss)
1071 http fetch GET 200 https://cdn.npmmirror.com/packages/math-intrinsics/1.1.0/math-intrinsics-1.1.0.tgz 19404ms (cache miss)
1072 http fetch GET 200 https://cdn.npmmirror.com/packages/merge-stream/2.0.0/merge-stream-2.0.0.tgz 19421ms (cache miss)
1073 http fetch GET 200 https://cdn.npmmirror.com/packages/loose-envify/1.4.0/loose-envify-1.4.0.tgz 19450ms (cache miss)
1074 http fetch GET 200 https://cdn.npmmirror.com/packages/resolve-pkg-maps/1.0.0/resolve-pkg-maps-1.0.0.tgz 19494ms (cache miss)
1075 http fetch GET 200 https://cdn.npmmirror.com/packages/pako/0.2.9/pako-0.2.9.tgz 19502ms (cache miss)
1076 http fetch GET 200 https://cdn.npmmirror.com/packages/lru-cache/5.1.1/lru-cache-5.1.1.tgz 19510ms (cache miss)
1077 http fetch GET 200 https://cdn.npmmirror.com/packages/youch/4.1.0-beta.10/youch-4.1.0-beta.10.tgz 19555ms (cache miss)
1078 http fetch GET 200 https://cdn.npmmirror.com/packages/natural-compare/1.4.0/natural-compare-1.4.0.tgz 19531ms (cache miss)
1079 http fetch GET 200 https://cdn.npmmirror.com/packages/loader-runner/4.3.2/loader-runner-4.3.2.tgz 19538ms (cache miss)
1080 http fetch GET 200 https://cdn.npmmirror.com/packages/node-exports-info/1.6.0/node-exports-info-1.6.0.tgz 19586ms (cache miss)
1081 http fetch GET 200 https://cdn.npmmirror.com/packages/levn/0.4.1/levn-0.4.1.tgz 19598ms (cache miss)
1082 http fetch GET 200 https://cdn.npmmirror.com/packages/lightningcss/1.31.1/lightningcss-1.31.1.tgz 19683ms (cache miss)
1083 http fetch GET 200 https://cdn.npmmirror.com/packages/linebreak/1.1.0/linebreak-1.1.0.tgz 19921ms (cache miss)
1084 http fetch GET 200 https://cdn.npmmirror.com/packages/language-subtag-registry/0.3.23/language-subtag-registry-0.3.23.tgz 19923ms (cache miss)
1085 http fetch GET 200 https://cdn.npmmirror.com/packages/kleur/4.1.5/kleur-4.1.5.tgz 19959ms (cache miss)
1086 http fetch GET 200 https://cdn.npmmirror.com/packages/keyv/4.5.4/keyv-4.5.4.tgz 19981ms (cache miss)
1087 http fetch GET 200 https://cdn.npmmirror.com/packages/language-tags/1.0.9/language-tags-1.0.9.tgz 20052ms (cache miss)
1088 http fetch GET 200 https://cdn.npmmirror.com/packages/micromatch/4.0.8/micromatch-4.0.8.tgz 20066ms (cache miss)
1089 http fetch GET 200 https://cdn.npmmirror.com/packages/prop-types/15.8.1/prop-types-15.8.1.tgz 20075ms (cache miss)
1090 http fetch GET 200 https://cdn.npmmirror.com/packages/jsx-ast-utils/3.3.5/jsx-ast-utils-3.3.5.tgz 20074ms (cache miss)
1091 http fetch GET 200 https://cdn.npmmirror.com/packages/jsesc/3.1.0/jsesc-3.1.0.tgz 20092ms (cache miss)
1092 http fetch GET 200 https://cdn.npmmirror.com/packages/lodash.merge/4.6.2/lodash.merge-4.6.2.tgz 20132ms (cache miss)
1093 http fetch GET 200 https://cdn.npmmirror.com/packages/js-tokens/4.0.0/js-tokens-4.0.0.tgz 20138ms (cache miss)
1094 http fetch GET 200 https://cdn.npmmirror.com/packages/locate-path/6.0.0/locate-path-6.0.0.tgz 20163ms (cache miss)
1095 http fetch GET 200 https://cdn.npmmirror.com/packages/json-stable-stringify-without-jsonify/1.0.1/json-stable-stringify-without-jsonify-1.0.1.tgz 20191ms (cache miss)
1096 http fetch GET 200 https://cdn.npmmirror.com/packages/json-schema-traverse/0.4.1/json-schema-traverse-0.4.1.tgz 20195ms (cache miss)
1097 http fetch GET 200 https://cdn.npmmirror.com/packages/isarray/2.0.5/isarray-2.0.5.tgz 20221ms (cache miss)
1098 http fetch GET 200 https://cdn.npmmirror.com/packages/json-buffer/3.0.1/json-buffer-3.0.1.tgz 20252ms (cache miss)
1099 http fetch GET 200 https://cdn.npmmirror.com/packages/json5/2.2.3/json5-2.2.3.tgz 20258ms (cache miss)
1100 http fetch GET 200 https://cdn.npmmirror.com/packages/js-yaml/4.1.1/js-yaml-4.1.1.tgz 20359ms (cache miss)
1101 http fetch GET 200 https://cdn.npmmirror.com/packages/mime-db/1.54.0/mime-db-1.54.0.tgz 20373ms (cache miss)
1102 http fetch GET 200 https://cdn.npmmirror.com/packages/is-weakmap/2.0.2/is-weakmap-2.0.2.tgz 20397ms (cache miss)
1103 http fetch GET 200 https://cdn.npmmirror.com/packages/merge2/1.4.1/merge2-1.4.1.tgz 20412ms (cache miss)
1104 http fetch GET 200 https://cdn.npmmirror.com/packages/react-dom/19.2.6/react-dom-19.2.6.tgz 20445ms (cache miss)
1105 http fetch GET 200 https://cdn.npmmirror.com/packages/is-weakref/1.1.1/is-weakref-1.1.1.tgz 20429ms (cache miss)
1106 http fetch GET 200 https://cdn.npmmirror.com/packages/is-typed-array/1.1.15/is-typed-array-1.1.15.tgz 20460ms (cache miss)
1107 http fetch GET 200 https://cdn.npmmirror.com/packages/is-symbol/1.1.1/is-symbol-1.1.1.tgz 20462ms (cache miss)
1108 http fetch GET 200 https://cdn.npmmirror.com/packages/is-string/1.1.1/is-string-1.1.1.tgz 20463ms (cache miss)
1109 http fetch GET 200 https://cdn.npmmirror.com/packages/is-shared-array-buffer/1.0.4/is-shared-array-buffer-1.0.4.tgz 20493ms (cache miss)
1110 http fetch GET 200 https://cdn.npmmirror.com/packages/is-regex/1.2.1/is-regex-1.2.1.tgz 20508ms (cache miss)
1111 http fetch GET 200 https://cdn.npmmirror.com/packages/is-number-object/1.1.1/is-number-object-1.1.1.tgz 20512ms (cache miss)
1112 http fetch GET 200 https://cdn.npmmirror.com/packages/is-set/2.0.3/is-set-2.0.3.tgz 20529ms (cache miss)
1113 http fetch GET 200 https://cdn.npmmirror.com/packages/punycode/2.3.1/punycode-2.3.1.tgz 20563ms (cache miss)
1114 http fetch GET 200 https://cdn.npmmirror.com/packages/is-negative-zero/2.0.3/is-negative-zero-2.0.3.tgz 20560ms (cache miss)
1115 http fetch GET 200 https://cdn.npmmirror.com/packages/is-finalizationregistry/1.1.1/is-finalizationregistry-1.1.1.tgz 20560ms (cache miss)
1116 http fetch GET 200 https://cdn.npmmirror.com/packages/yocto-queue/0.1.0/yocto-queue-0.1.0.tgz 20622ms (cache miss)
1117 http fetch GET 200 https://cdn.npmmirror.com/packages/is-weakset/2.0.4/is-weakset-2.0.4.tgz 20596ms (cache miss)
1118 http fetch GET 200 https://cdn.npmmirror.com/packages/lightningcss-win32-x64-msvc/1.31.1/lightningcss-win32-x64-msvc-1.31.1.tgz 20611ms (cache miss)
1119 http fetch GET 200 https://cdn.npmmirror.com/packages/is-core-module/2.16.2/is-core-module-2.16.2.tgz 20612ms (cache miss)
1120 http fetch GET 200 https://cdn.npmmirror.com/packages/is-boolean-object/1.2.2/is-boolean-object-1.2.2.tgz 20627ms (cache miss)
1121 http fetch GET 200 https://cdn.npmmirror.com/packages/is-callable/1.2.7/is-callable-1.2.7.tgz 20636ms (cache miss)
1122 http fetch GET 200 https://cdn.npmmirror.com/packages/jest-worker/27.5.1/jest-worker-27.5.1.tgz 20651ms (cache miss)
1123 http fetch GET 200 https://cdn.npmmirror.com/packages/is-bigint/1.1.0/is-bigint-1.1.0.tgz 20665ms (cache miss)
1124 http fetch GET 200 https://cdn.npmmirror.com/packages/is-async-function/2.1.1/is-async-function-2.1.1.tgz 20667ms (cache miss)
1125 http fetch GET 200 https://cdn.npmmirror.com/packages/ipaddr.js/2.4.0/ipaddr.js-2.4.0.tgz 20670ms (cache miss)
1126 http fetch GET 200 https://cdn.npmmirror.com/packages/is-map/2.0.3/is-map-2.0.3.tgz 20675ms (cache miss)
1127 http fetch GET 200 https://cdn.npmmirror.com/packages/is-generator-function/1.1.2/is-generator-function-1.1.2.tgz 20701ms (cache miss)
1128 http fetch GET 200 https://cdn.npmmirror.com/packages/isexe/2.0.0/isexe-2.0.0.tgz 20710ms (cache miss)
1129 http fetch GET 200 https://cdn.npmmirror.com/packages/import-fresh/3.3.1/import-fresh-3.3.1.tgz 20709ms (cache miss)
1130 http fetch GET 200 https://cdn.npmmirror.com/packages/is-array-buffer/3.0.5/is-array-buffer-3.0.5.tgz 20711ms (cache miss)
1131 http fetch GET 200 https://cdn.npmmirror.com/packages/is-number/7.0.0/is-number-7.0.0.tgz 20727ms (cache miss)
1132 http fetch GET 200 https://cdn.npmmirror.com/packages/iterator.prototype/1.1.5/iterator.prototype-1.1.5.tgz 20737ms (cache miss)
1133 http fetch GET 200 https://cdn.npmmirror.com/packages/hex-rgb/4.3.0/hex-rgb-4.3.0.tgz 20732ms (cache miss)
1134 http fetch GET 200 https://cdn.npmmirror.com/packages/is-extglob/2.1.1/is-extglob-2.1.1.tgz 20753ms (cache miss)
1135 http fetch GET 200 https://cdn.npmmirror.com/packages/imurmurhash/0.1.4/imurmurhash-0.1.4.tgz 20751ms (cache miss)
1136 http fetch GET 200 https://cdn.npmmirror.com/packages/ignore/5.3.2/ignore-5.3.2.tgz 20756ms (cache miss)
1137 http fetch GET 200 https://cdn.npmmirror.com/packages/webpack/5.106.2/webpack-5.106.2.tgz 20799ms (cache miss)
1138 http fetch GET 200 https://cdn.npmmirror.com/packages/hasown/2.0.3/hasown-2.0.3.tgz 20763ms (cache miss)
1139 http fetch GET 200 https://cdn.npmmirror.com/packages/has-proto/1.2.0/has-proto-1.2.0.tgz 20789ms (cache miss)
1140 http fetch GET 200 https://cdn.npmmirror.com/packages/has-tostringtag/1.0.2/has-tostringtag-1.0.2.tgz 20792ms (cache miss)
1141 http fetch GET 200 https://cdn.npmmirror.com/packages/has-property-descriptors/1.0.2/has-property-descriptors-1.0.2.tgz 20795ms (cache miss)
1142 http fetch GET 200 https://cdn.npmmirror.com/packages/is-data-view/1.0.2/is-data-view-1.0.2.tgz 20823ms (cache miss)
1143 http fetch GET 200 https://cdn.npmmirror.com/packages/has-symbols/1.1.0/has-symbols-1.1.0.tgz 20820ms (cache miss)
1144 http fetch GET 200 https://cdn.npmmirror.com/packages/has-bigints/1.1.0/has-bigints-1.1.0.tgz 20829ms (cache miss)
1145 http fetch GET 200 https://cdn.npmmirror.com/packages/which-boxed-primitive/1.1.1/which-boxed-primitive-1.1.1.tgz 20888ms (cache miss)
1146 http fetch GET 200 https://cdn.npmmirror.com/packages/gopd/1.2.0/gopd-1.2.0.tgz 20842ms (cache miss)
1147 http fetch GET 200 https://cdn.npmmirror.com/packages/internal-slot/1.1.0/internal-slot-1.1.0.tgz 20850ms (cache miss)
1148 http fetch GET 200 https://cdn.npmmirror.com/packages/is-glob/4.0.3/is-glob-4.0.3.tgz 20873ms (cache miss)
1149 http fetch GET 200 https://cdn.npmmirror.com/packages/graceful-fs/4.2.11/graceful-fs-4.2.11.tgz 20877ms (cache miss)
1150 http fetch GET 200 https://cdn.npmmirror.com/packages/hermes-estree/0.25.1/hermes-estree-0.25.1.tgz 20884ms (cache miss)
1151 http fetch GET 200 https://cdn.npmmirror.com/packages/globals/16.4.0/globals-16.4.0.tgz 20885ms (cache miss)
1152 http fetch GET 200 https://cdn.npmmirror.com/packages/glob-parent/6.0.2/glob-parent-6.0.2.tgz 20889ms (cache miss)
1153 http fetch GET 200 https://cdn.npmmirror.com/packages/get-tsconfig/4.14.0/get-tsconfig-4.14.0.tgz 20907ms (cache miss)
1154 http fetch GET 200 https://cdn.npmmirror.com/packages/get-proto/1.0.1/get-proto-1.0.1.tgz 20916ms (cache miss)
1155 http fetch GET 200 https://cdn.npmmirror.com/packages/has-flag/4.0.0/has-flag-4.0.0.tgz 20926ms (cache miss)
1156 http fetch GET 200 https://cdn.npmmirror.com/packages/get-intrinsic/1.3.0/get-intrinsic-1.3.0.tgz 20923ms (cache miss)
1157 http fetch GET 200 https://cdn.npmmirror.com/packages/flatted/3.4.2/flatted-3.4.2.tgz 20940ms (cache miss)
1158 http fetch GET 200 https://cdn.npmmirror.com/packages/fill-range/7.1.1/fill-range-7.1.1.tgz 20953ms (cache miss)
1159 http fetch GET 200 https://cdn.npmmirror.com/packages/is-date-object/1.1.0/is-date-object-1.1.0.tgz 20970ms (cache miss)
1160 http fetch GET 200 https://cdn.npmmirror.com/packages/find-up/5.0.0/find-up-5.0.0.tgz 20964ms (cache miss)
1161 http fetch GET 200 https://cdn.npmmirror.com/packages/for-each/0.3.5/for-each-0.3.5.tgz 20969ms (cache miss)
1162 http fetch GET 200 https://cdn.npmmirror.com/packages/file-entry-cache/8.0.0/file-entry-cache-8.0.0.tgz 20981ms (cache miss)
1163 http fetch GET 200 https://cdn.npmmirror.com/packages/generator-function/2.0.1/generator-function-2.0.1.tgz 20987ms (cache miss)
1164 http fetch GET 200 https://cdn.npmmirror.com/packages/glob-to-regexp/0.4.1/glob-to-regexp-0.4.1.tgz 21018ms (cache miss)
1165 http fetch GET 200 https://cdn.npmmirror.com/packages/fast-levenshtein/2.0.6/fast-levenshtein-2.0.6.tgz 21015ms (cache miss)
1166 http fetch GET 200 https://cdn.npmmirror.com/packages/function-bind/1.1.2/function-bind-1.1.2.tgz 21020ms (cache miss)
1167 http fetch GET 200 https://cdn.npmmirror.com/packages/fflate/0.7.4/fflate-0.7.4.tgz 21023ms (cache miss)
1168 http fetch GET 200 https://cdn.npmmirror.com/packages/hermes-parser/0.25.1/hermes-parser-0.25.1.tgz 21037ms (cache miss)
1169 http fetch GET 200 https://cdn.npmmirror.com/packages/update-browserslist-db/1.2.3/update-browserslist-db-1.2.3.tgz 21108ms (cache miss)
1170 http fetch GET 200 https://cdn.npmmirror.com/packages/esrecurse/4.3.0/esrecurse-4.3.0.tgz 21055ms (cache miss)
1171 http fetch GET 200 https://cdn.npmmirror.com/packages/fast-deep-equal/3.1.3/fast-deep-equal-3.1.3.tgz 21066ms (cache miss)
1172 http fetch GET 200 https://cdn.npmmirror.com/packages/estree-walker/3.0.3/estree-walker-3.0.3.tgz 21068ms (cache miss)
1173 http fetch GET 200 https://cdn.npmmirror.com/packages/fastq/1.20.1/fastq-1.20.1.tgz 21072ms (cache miss)
1174 http fetch GET 200 https://cdn.npmmirror.com/packages/function.prototype.name/1.1.8/function.prototype.name-1.1.8.tgz 21088ms (cache miss)
1175 http fetch GET 200 https://cdn.npmmirror.com/packages/gensync/1.0.0-beta.2/gensync-1.0.0-beta.2.tgz 21090ms (cache miss)
1176 http fetch GET 200 https://cdn.npmmirror.com/packages/esutils/2.0.3/esutils-2.0.3.tgz 21108ms (cache miss)
1177 http fetch GET 200 https://cdn.npmmirror.com/packages/typescript/5.9.3/typescript-5.9.3.tgz 21159ms (cache miss)
1178 http fetch GET 200 https://cdn.npmmirror.com/packages/events/3.3.0/events-3.3.0.tgz 21113ms (cache miss)
1179 http fetch GET 200 https://cdn.npmmirror.com/packages/fast-json-stable-stringify/2.1.0/fast-json-stable-stringify-2.1.0.tgz 21118ms (cache miss)
1180 http fetch GET 200 https://cdn.npmmirror.com/packages/fast-glob/3.3.1/fast-glob-3.3.1.tgz 21133ms (cache miss)
1181 http fetch GET 200 https://cdn.npmmirror.com/packages/espree/10.4.0/espree-10.4.0.tgz 21143ms (cache miss)
1182 http fetch GET 200 https://cdn.npmmirror.com/packages/eslint-visitor-keys/4.2.1/eslint-visitor-keys-4.2.1.tgz 21148ms (cache miss)
1183 http fetch GET 200 https://cdn.npmmirror.com/packages/eslint-scope/8.4.0/eslint-scope-8.4.0.tgz 21191ms (cache miss)
1184 http fetch GET 200 https://cdn.npmmirror.com/packages/globalthis/1.0.4/globalthis-1.0.4.tgz 21205ms (cache miss)
1185 http fetch GET 200 https://cdn.npmmirror.com/packages/estraverse/5.3.0/estraverse-5.3.0.tgz 21200ms (cache miss)
1186 http fetch GET 200 https://cdn.npmmirror.com/packages/fast-uri/3.1.2/fast-uri-3.1.2.tgz 21209ms (cache miss)
1187 http fetch GET 200 https://cdn.npmmirror.com/packages/escape-string-regexp/4.0.0/escape-string-regexp-4.0.0.tgz 21233ms (cache miss)
1188 http fetch GET 200 https://cdn.npmmirror.com/packages/get-symbol-description/1.1.0/get-symbol-description-1.1.0.tgz 21245ms (cache miss)
1189 http fetch GET 200 https://cdn.npmmirror.com/packages/escalade/3.2.0/escalade-3.2.0.tgz 21241ms (cache miss)
1190 http fetch GET 200 https://cdn.npmmirror.com/packages/escape-html/1.0.3/escape-html-1.0.3.tgz 21269ms (cache miss)
1191 http fetch GET 200 https://cdn.npmmirror.com/packages/esbuild/0.28.0/esbuild-0.28.0.tgz 21272ms (cache miss)
1192 http fetch GET 200 https://cdn.npmmirror.com/packages/eslint-plugin-react-hooks/7.1.1/eslint-plugin-react-hooks-7.1.1.tgz 21283ms (cache miss)
1193 http fetch GET 200 https://cdn.npmmirror.com/packages/es-to-primitive/1.3.0/es-to-primitive-1.3.0.tgz 21302ms (cache miss)
1194 http fetch GET 200 https://cdn.npmmirror.com/packages/es-define-property/1.0.1/es-define-property-1.0.1.tgz 21310ms (cache miss)
1195 http fetch GET 200 https://cdn.npmmirror.com/packages/es-object-atoms/1.1.1/es-object-atoms-1.1.1.tgz 21318ms (cache miss)
1196 http fetch GET 200 https://cdn.npmmirror.com/packages/emoji-regex/9.2.2/emoji-regex-9.2.2.tgz 21342ms (cache miss)
1197 http fetch GET 200 https://cdn.npmmirror.com/packages/enhanced-resolve/5.21.3/enhanced-resolve-5.21.3.tgz 21360ms (cache miss)
1198 http fetch GET 200 https://cdn.npmmirror.com/packages/jiti/2.7.0/jiti-2.7.0.tgz 21388ms (cache miss)
1199 http fetch GET 200 https://cdn.npmmirror.com/packages/dunder-proto/1.0.1/dunder-proto-1.0.1.tgz 21365ms (cache miss)
1200 http fetch GET 200 https://cdn.npmmirror.com/packages/doctrine/2.1.0/doctrine-2.1.0.tgz 21369ms (cache miss)
1201 http fetch GET 200 https://cdn.npmmirror.com/packages/detect-libc/2.1.2/detect-libc-2.1.2.tgz 21395ms (cache miss)
1202 http fetch GET 200 https://cdn.npmmirror.com/packages/electron-to-chromium/1.5.358/electron-to-chromium-1.5.358.tgz 21401ms (cache miss)
1203 http fetch GET 200 https://cdn.npmmirror.com/packages/define-properties/1.2.1/define-properties-1.2.1.tgz 21400ms (cache miss)
1204 http fetch GET 200 https://cdn.npmmirror.com/packages/image-size/2.0.2/image-size-2.0.2.tgz 21439ms (cache miss)
1205 http fetch GET 200 https://cdn.npmmirror.com/packages/deep-is/0.1.4/deep-is-0.1.4.tgz 21425ms (cache miss)
1206 http fetch GET 200 https://cdn.npmmirror.com/packages/data-view-byte-offset/1.0.1/data-view-byte-offset-1.0.1.tgz 21434ms (cache miss)
1207 http fetch GET 200 https://cdn.npmmirror.com/packages/es-errors/1.3.0/es-errors-1.3.0.tgz 21456ms (cache miss)
1208 http fetch GET 200 https://cdn.npmmirror.com/packages/esquery/1.7.0/esquery-1.7.0.tgz 21469ms (cache miss)
1209 http fetch GET 200 https://cdn.npmmirror.com/packages/functions-have-names/1.2.3/functions-have-names-1.2.3.tgz 21477ms (cache miss)
1210 http fetch GET 200 https://cdn.npmmirror.com/packages/eslint-plugin-jsx-a11y/6.10.2/eslint-plugin-jsx-a11y-6.10.2.tgz 21471ms (cache miss)
1211 http fetch GET 200 https://cdn.npmmirror.com/packages/css-box-shadow/1.0.0-3/css-box-shadow-1.0.0-3.tgz 21486ms (cache miss)
1212 http fetch GET 200 https://cdn.npmmirror.com/packages/data-view-byte-length/1.0.2/data-view-byte-length-1.0.2.tgz 21490ms (cache miss)
1213 http fetch GET 200 https://cdn.npmmirror.com/packages/css-color-keywords/1.0.0/css-color-keywords-1.0.0.tgz 21499ms (cache miss)
1214 http fetch GET 200 https://cdn.npmmirror.com/packages/es-set-tostringtag/2.1.0/es-set-tostringtag-2.1.0.tgz 21510ms (cache miss)
1215 http fetch GET 200 https://cdn.npmmirror.com/packages/css-to-react-native/3.2.0/css-to-react-native-3.2.0.tgz 21506ms (cache miss)
1216 http fetch GET 200 https://cdn.npmmirror.com/packages/css-background-parser/0.1.0/css-background-parser-0.1.0.tgz 21516ms (cache miss)
1217 http fetch GET 200 https://cdn.npmmirror.com/packages/es-shim-unscopables/1.1.0/es-shim-unscopables-1.1.0.tgz 21541ms (cache miss)
1218 http fetch GET 200 https://cdn.npmmirror.com/packages/damerau-levenshtein/1.0.8/damerau-levenshtein-1.0.8.tgz 21532ms (cache miss)
1219 http fetch GET 200 https://cdn.npmmirror.com/packages/commander/2.20.3/commander-2.20.3.tgz 21552ms (cache miss)
1220 http fetch GET 200 https://cdn.npmmirror.com/packages/eslint-plugin-react/7.37.5/eslint-plugin-react-7.37.5.tgz 21578ms (cache miss)
1221 http fetch GET 200 https://cdn.npmmirror.com/packages/chrome-trace-event/1.0.4/chrome-trace-event-1.0.4.tgz 21566ms (cache miss)
1222 http fetch GET 200 https://cdn.npmmirror.com/packages/concat-map/0.0.1/concat-map-0.0.1.tgz 21569ms (cache miss)
1223 http fetch GET 200 https://cdn.npmmirror.com/packages/es-iterator-helpers/1.3.2/es-iterator-helpers-1.3.2.tgz 21589ms (cache miss)
1224 http fetch GET 200 https://cdn.npmmirror.com/packages/camelize/1.0.1/camelize-1.0.1.tgz 21581ms (cache miss)
1225 http fetch GET 200 https://cdn.npmmirror.com/packages/csstype/3.2.3/csstype-3.2.3.tgz 21597ms (cache miss)
1226 http fetch GET 200 https://cdn.npmmirror.com/packages/cookie/1.1.1/cookie-1.1.1.tgz 21598ms (cache miss)
1227 http fetch GET 200 https://cdn.npmmirror.com/packages/color-convert/2.0.1/color-convert-2.0.1.tgz 21615ms (cache miss)
1228 http fetch GET 200 https://cdn.npmmirror.com/packages/color-name/1.1.4/color-name-1.1.4.tgz 21628ms (cache miss)
1229 http fetch GET 200 https://cdn.npmmirror.com/packages/callsites/3.1.0/callsites-3.1.0.tgz 21627ms (cache miss)
1230 http fetch GET 200 https://cdn.npmmirror.com/packages/buffer-from/1.1.2/buffer-from-1.1.2.tgz 21654ms (cache miss)
1231 http fetch GET 200 https://cdn.npmmirror.com/packages/call-bind/1.0.9/call-bind-1.0.9.tgz 21660ms (cache miss)
1232 http fetch GET 200 https://cdn.npmmirror.com/packages/browserslist/4.28.2/browserslist-4.28.2.tgz 21668ms (cache miss)
1233 http fetch GET 200 https://cdn.npmmirror.com/packages/object-inspect/1.13.4/object-inspect-1.13.4.tgz 21718ms (cache miss)
1234 http fetch GET 200 https://cdn.npmmirror.com/packages/call-bound/1.0.4/call-bound-1.0.4.tgz 21693ms (cache miss)
1235 http fetch GET 200 https://cdn.npmmirror.com/packages/brace-expansion/1.1.14/brace-expansion-1.1.14.tgz 21694ms (cache miss)
1236 http fetch GET 200 https://cdn.npmmirror.com/packages/braces/3.0.3/braces-3.0.3.tgz 21701ms (cache miss)
1237 http fetch GET 200 https://cdn.npmmirror.com/packages/miniflare/4.20260515.0/miniflare-4.20260515.0.tgz 21763ms (cache miss)
1238 http fetch GET 200 https://cdn.npmmirror.com/packages/ast-types-flow/0.0.8/ast-types-flow-0.0.8.tgz 21728ms (cache miss)
1239 http fetch GET 200 https://cdn.npmmirror.com/packages/balanced-match/1.0.2/balanced-match-1.0.2.tgz 21733ms (cache miss)
1240 http fetch GET 200 https://cdn.npmmirror.com/packages/available-typed-arrays/1.0.7/available-typed-arrays-1.0.7.tgz 21777ms (cache miss)
1241 http fetch GET 200 https://cdn.npmmirror.com/packages/array.prototype.tosorted/1.1.4/array.prototype.tosorted-1.1.4.tgz 21787ms (cache miss)
1242 http fetch GET 200 https://cdn.npmmirror.com/packages/array.prototype.flat/1.3.3/array.prototype.flat-1.3.3.tgz 21788ms (cache miss)
1243 http fetch GET 200 https://cdn.npmmirror.com/packages/baseline-browser-mapping/2.10.30/baseline-browser-mapping-2.10.30.tgz 21794ms (cache miss)
1244 http fetch GET 200 https://cdn.npmmirror.com/packages/array.prototype.flatmap/1.3.3/array.prototype.flatmap-1.3.3.tgz 21796ms (cache miss)
1245 http fetch GET 200 https://cdn.npmmirror.com/packages/define-data-property/1.1.4/define-data-property-1.1.4.tgz 21811ms (cache miss)
1246 http fetch GET 200 https://cdn.npmmirror.com/packages/array.prototype.findlast/1.2.5/array.prototype.findlast-1.2.5.tgz 21803ms (cache miss)
1247 http fetch GET 200 https://cdn.npmmirror.com/packages/arraybuffer.prototype.slice/1.0.4/arraybuffer.prototype.slice-1.0.4.tgz 21804ms (cache miss)
1248 http fetch GET 200 https://cdn.npmmirror.com/packages/emoji-regex-xs/2.0.1/emoji-regex-xs-2.0.1.tgz 21830ms (cache miss)
1249 http fetch GET 200 https://cdn.npmmirror.com/packages/async-function/1.0.0/async-function-1.0.0.tgz 21829ms (cache miss)
1250 http fetch GET 200 https://cdn.npmmirror.com/packages/drizzle-kit/0.31.10/drizzle-kit-0.31.10.tgz 21841ms (cache miss)
1251 http fetch GET 200 https://cdn.npmmirror.com/packages/css-gradient-parser/0.0.16/css-gradient-parser-0.0.16.tgz 21841ms (cache miss)
1252 http fetch GET 200 https://cdn.npmmirror.com/packages/argparse/2.0.1/argparse-2.0.1.tgz 21836ms (cache miss)
1253 http fetch GET 200 https://cdn.npmmirror.com/packages/ajv-formats/2.1.1/ajv-formats-2.1.1.tgz 21842ms (cache miss)
1254 http fetch GET 200 https://cdn.npmmirror.com/packages/convert-source-map/2.0.0/convert-source-map-2.0.0.tgz 21853ms (cache miss)
1255 http fetch GET 200 https://cdn.npmmirror.com/packages/acorn-jsx/5.3.2/acorn-jsx-5.3.2.tgz 21858ms (cache miss)
1256 http fetch GET 200 https://cdn.npmmirror.com/packages/acorn-import-phases/1.0.4/acorn-import-phases-1.0.4.tgz 21871ms (cache miss)
1257 http fetch GET 200 https://cdn.npmmirror.com/packages/%40xtuc/ieee754/1.2.0/ieee754-1.2.0.tgz 21874ms (cache miss)
1258 http fetch GET 200 https://cdn.npmmirror.com/packages/eslint/9.39.4/eslint-9.39.4.tgz 21907ms (cache miss)
1259 http fetch GET 200 https://cdn.npmmirror.com/packages/%40webassemblyjs/wast-printer/1.14.1/wast-printer-1.14.1.tgz 21887ms (cache miss)
1260 http fetch GET 200 https://cdn.npmmirror.com/packages/acorn-loose/8.5.2/acorn-loose-8.5.2.tgz 21896ms (cache miss)
1261 http fetch GET 200 https://cdn.npmmirror.com/packages/%40xtuc/long/4.2.2/long-4.2.2.tgz 21912ms (cache miss)
1262 http fetch GET 200 https://cdn.npmmirror.com/packages/%40webassemblyjs/wasm-opt/1.14.1/wasm-opt-1.14.1.tgz 21922ms (cache miss)
1263 http fetch GET 200 https://cdn.npmmirror.com/packages/chalk/4.1.2/chalk-4.1.2.tgz 21935ms (cache miss)
1264 http fetch GET 200 https://cdn.npmmirror.com/packages/%40webassemblyjs/wasm-parser/1.14.1/wasm-parser-1.14.1.tgz 21926ms (cache miss)
1265 http fetch GET 200 https://cdn.npmmirror.com/packages/axe-core/4.11.4/axe-core-4.11.4.tgz 21939ms (cache miss)
1266 http fetch GET 200 https://cdn.npmmirror.com/packages/%40webassemblyjs/wasm-gen/1.14.1/wasm-gen-1.14.1.tgz 21934ms (cache miss)
1267 http fetch GET 200 https://cdn.npmmirror.com/packages/error-stack-parser-es/1.0.5/error-stack-parser-es-1.0.5.tgz 21960ms (cache miss)
1268 http fetch GET 200 https://cdn.npmmirror.com/packages/%40webassemblyjs/helper-wasm-section/1.14.1/helper-wasm-section-1.14.1.tgz 21944ms (cache miss)
1269 http fetch GET 200 https://cdn.npmmirror.com/packages/array-buffer-byte-length/1.0.2/array-buffer-byte-length-1.0.2.tgz 21956ms (cache miss)
1270 http fetch GET 200 https://cdn.npmmirror.com/packages/%40webassemblyjs/ieee754/1.13.2/ieee754-1.13.2.tgz 21957ms (cache miss)
1271 http fetch GET 200 https://cdn.npmmirror.com/packages/%40webassemblyjs/wasm-edit/1.14.1/wasm-edit-1.14.1.tgz 21959ms (cache miss)
1272 http fetch GET 200 https://cdn.npmmirror.com/packages/%40webassemblyjs/helper-wasm-bytecode/1.13.2/helper-wasm-bytecode-1.13.2.tgz 21961ms (cache miss)
1273 http fetch GET 200 https://cdn.npmmirror.com/packages/%40webassemblyjs/helper-numbers/1.13.2/helper-numbers-1.13.2.tgz 21977ms (cache miss)
1274 http fetch GET 200 https://cdn.npmmirror.com/packages/acorn/8.16.0/acorn-8.16.0.tgz 21982ms (cache miss)
1275 http fetch GET 200 https://cdn.npmmirror.com/packages/%40webassemblyjs/leb128/1.13.2/leb128-1.13.2.tgz 21986ms (cache miss)
1276 http fetch GET 200 https://cdn.npmmirror.com/packages/%40webassemblyjs/helper-buffer/1.14.1/helper-buffer-1.14.1.tgz 21986ms (cache miss)
1277 http fetch GET 200 https://cdn.npmmirror.com/packages/axobject-query/4.1.0/axobject-query-4.1.0.tgz 22007ms (cache miss)
1278 http fetch GET 200 https://cdn.npmmirror.com/packages/which-builtin-type/1.2.1/which-builtin-type-1.2.1.tgz 22083ms (cache miss)
1279 http fetch GET 200 https://cdn.npmmirror.com/packages/%40webassemblyjs/utf8/1.13.2/utf8-1.13.2.tgz 22020ms (cache miss)
1280 http fetch GET 200 https://cdn.npmmirror.com/packages/flat-cache/4.0.1/flat-cache-4.0.1.tgz 22054ms (cache miss)
1281 http fetch GET 200 https://cdn.npmmirror.com/packages/%40webassemblyjs/ast/1.14.1/ast-1.14.1.tgz 22039ms (cache miss)
1282 http fetch GET 200 https://cdn.npmmirror.com/packages/base64-js/0.0.8/base64-js-0.0.8.tgz 22051ms (cache miss)
1283 http fetch GET 200 https://cdn.npmmirror.com/packages/ajv/6.15.0/ajv-6.15.0.tgz 22047ms (cache miss)
1284 http fetch GET 200 https://cdn.npmmirror.com/packages/%40unpic/react/1.0.2/react-1.0.2.tgz 22052ms (cache miss)
1285 http fetch GET 200 https://cdn.npmmirror.com/packages/%40typescript-eslint/types/8.59.3/types-8.59.3.tgz 22058ms (cache miss)
1286 http fetch GET 200 https://cdn.npmmirror.com/packages/%40types/react-dom/19.2.3/react-dom-19.2.3.tgz 22063ms (cache miss)
1287 http fetch GET 200 https://cdn.npmmirror.com/packages/%40typescript-eslint/project-service/8.59.3/project-service-8.59.3.tgz 22066ms (cache miss)
1288 http fetch GET 200 https://cdn.npmmirror.com/packages/%40typescript-eslint/parser/8.59.3/parser-8.59.3.tgz 22079ms (cache miss)
1289 http fetch GET 200 https://cdn.npmmirror.com/packages/%40vitejs/plugin-react/6.0.2/plugin-react-6.0.2.tgz 22091ms (cache miss)
1290 http fetch GET 200 https://cdn.npmmirror.com/packages/blake3-wasm/2.1.5/blake3-wasm-2.1.5.tgz 22121ms (cache miss)
1291 http fetch GET 200 https://cdn.npmmirror.com/packages/%40types/json-schema/7.0.15/json-schema-7.0.15.tgz 22107ms (cache miss)
1292 http fetch GET 200 https://cdn.npmmirror.com/packages/%40typescript-eslint/visitor-keys/8.59.3/visitor-keys-8.59.3.tgz 22117ms (cache miss)
1293 http fetch GET 200 https://cdn.npmmirror.com/packages/%40unpic/core/1.0.3/core-1.0.3.tgz 22118ms (cache miss)
1294 http fetch GET 200 https://cdn.npmmirror.com/packages/%40types/react/19.2.14/react-19.2.14.tgz 22127ms (cache miss)
1295 http fetch GET 200 https://cdn.npmmirror.com/packages/%40types/eslint-scope/3.7.7/eslint-scope-3.7.7.tgz 22140ms (cache miss)
1296 http fetch GET 200 https://cdn.npmmirror.com/packages/%40types/estree/1.0.9/estree-1.0.9.tgz 22144ms (cache miss)
1297 http fetch GET 200 https://cdn.npmmirror.com/packages/%40typescript-eslint/tsconfig-utils/8.59.3/tsconfig-utils-8.59.3.tgz 22147ms (cache miss)
1298 http fetch GET 200 https://cdn.npmmirror.com/packages/%40types/eslint/9.6.1/eslint-9.6.1.tgz 22156ms (cache miss)
1299 http fetch GET 200 https://cdn.npmmirror.com/packages/%40tailwindcss/oxide/4.2.1/oxide-4.2.1.tgz 22165ms (cache miss)
1300 http fetch GET 200 https://cdn.npmmirror.com/packages/%40webassemblyjs/helper-api-error/1.13.2/helper-api-error-1.13.2.tgz 22176ms (cache miss)
1301 http fetch GET 200 https://cdn.npmmirror.com/packages/%40tailwindcss/postcss/4.2.1/postcss-4.2.1.tgz 22169ms (cache miss)
1302 http fetch GET 200 https://cdn.npmmirror.com/packages/%40typescript-eslint/typescript-estree/8.59.3/typescript-estree-8.59.3.tgz 22188ms (cache miss)
1303 http fetch GET 200 https://cdn.npmmirror.com/packages/%40typescript-eslint/utils/8.59.3/utils-8.59.3.tgz 22194ms (cache miss)
1304 http fetch GET 200 https://cdn.npmmirror.com/packages/ansi-styles/4.3.0/ansi-styles-4.3.0.tgz 22208ms (cache miss)
1305 http fetch GET 200 https://cdn.npmmirror.com/packages/%40rolldown/pluginutils/1.0.1/pluginutils-1.0.1.tgz 22197ms (cache miss)
1306 http fetch GET 200 https://cdn.npmmirror.com/packages/%40tailwindcss/node/4.2.1/node-4.2.1.tgz 22207ms (cache miss)
1307 http fetch GET 200 https://cdn.npmmirror.com/packages/%40openai/sites-vite-plugin/0.1.0/sites-vite-plugin-0.1.0.tgz 22209ms (cache miss)
1308 http fetch GET 200 https://cdn.npmmirror.com/packages/%40poppinss/colors/4.1.6/colors-4.1.6.tgz 22228ms (cache miss)
1309 http fetch GET 200 https://cdn.npmmirror.com/packages/aria-query/5.3.2/aria-query-5.3.2.tgz 22252ms (cache miss)
1310 http fetch GET 200 https://cdn.npmmirror.com/packages/%40sindresorhus/is/7.2.0/is-7.2.0.tgz 22241ms (cache miss)
1311 http fetch GET 200 https://cdn.npmmirror.com/packages/%40poppinss/exception/1.2.3/exception-1.2.3.tgz 22271ms (cache miss)
1312 http fetch GET 200 https://cdn.npmmirror.com/packages/%40poppinss/dumper/0.6.5/dumper-0.6.5.tgz 22285ms (cache miss)
1313 http fetch GET 200 https://cdn.npmmirror.com/packages/%40nodelib/fs.walk/1.2.8/fs.walk-1.2.8.tgz 22298ms (cache miss)
1314 http fetch GET 200 https://cdn.npmmirror.com/packages/workerd/1.20260515.1/workerd-1.20260515.1.tgz 22422ms (cache miss)
1315 http fetch GET 200 https://cdn.npmmirror.com/packages/%40nodelib/fs.stat/2.0.5/fs.stat-2.0.5.tgz 22361ms (cache miss)
1316 http fetch GET 200 https://cdn.npmmirror.com/packages/%40jridgewell/source-map/0.3.11/source-map-0.3.11.tgz 22369ms (cache miss)
1317 http fetch GET 200 https://cdn.npmmirror.com/packages/%40next/eslint-plugin-next/16.2.6/eslint-plugin-next-16.2.6.tgz 22377ms (cache miss)
1318 http fetch GET 200 https://cdn.npmmirror.com/packages/%40jridgewell/trace-mapping/0.3.31/trace-mapping-0.3.31.tgz 22390ms (cache miss)
1319 http fetch GET 200 https://cdn.npmmirror.com/packages/%40img/colour/1.1.0/colour-1.1.0.tgz 22395ms (cache miss)
1320 http fetch GET 200 https://cdn.npmmirror.com/packages/debug/4.4.3/debug-4.4.3.tgz 22450ms (cache miss)
1321 http fetch GET 200 https://cdn.npmmirror.com/packages/%40shuding/opentype.js/1.4.0-beta.0/opentype.js-1.4.0-beta.0.tgz 22450ms (cache miss)
1322 http fetch GET 200 https://cdn.npmmirror.com/packages/%40nodelib/fs.scandir/2.1.5/fs.scandir-2.1.5.tgz 22452ms (cache miss)
1323 http fetch GET 200 https://cdn.npmmirror.com/packages/%40humanwhocodes/module-importer/1.0.1/module-importer-1.0.1.tgz 22455ms (cache miss)
1324 http fetch GET 200 https://cdn.npmmirror.com/packages/%40jridgewell/remapping/2.3.5/remapping-2.3.5.tgz 22460ms (cache miss)
1325 http fetch GET 200 https://cdn.npmmirror.com/packages/%40eslint/plugin-kit/0.4.1/plugin-kit-0.4.1.tgz 22465ms (cache miss)
1326 http fetch GET 200 https://cdn.npmmirror.com/packages/%40webassemblyjs/floating-point-hex-parser/1.13.2/floating-point-hex-parser-1.13.2.tgz 22492ms (cache miss)
1327 http fetch GET 200 https://cdn.npmmirror.com/packages/%40vitejs/plugin-rsc/0.5.26/plugin-rsc-0.5.26.tgz 22491ms (cache miss)
1328 http fetch GET 200 https://cdn.npmmirror.com/packages/%40jridgewell/gen-mapping/0.3.13/gen-mapping-0.3.13.tgz 22479ms (cache miss)
1329 http fetch GET 200 https://cdn.npmmirror.com/packages/cross-spawn/7.0.6/cross-spawn-7.0.6.tgz 22518ms (cache miss)
1330 http fetch GET 200 https://cdn.npmmirror.com/packages/%40humanfs/types/0.15.0/types-0.15.0.tgz 22504ms (cache miss)
1331 http fetch GET 200 https://cdn.npmmirror.com/packages/%40jridgewell/resolve-uri/3.1.2/resolve-uri-3.1.2.tgz 22508ms (cache miss)
1332 http fetch GET 200 https://cdn.npmmirror.com/packages/%40types/node/22.19.19/node-22.19.19.tgz 22517ms (cache miss)
1333 http fetch GET 200 https://cdn.npmmirror.com/packages/%40eslint/js/9.39.4/js-9.39.4.tgz 22516ms (cache miss)
1334 http fetch GET 200 https://cdn.npmmirror.com/packages/%40jridgewell/sourcemap-codec/1.5.5/sourcemap-codec-1.5.5.tgz 22528ms (cache miss)
1335 http fetch GET 200 https://cdn.npmmirror.com/packages/%40resvg/resvg-wasm/2.4.0/resvg-wasm-2.4.0.tgz 22531ms (cache miss)
1336 http fetch GET 200 https://cdn.npmmirror.com/packages/%40humanfs/core/0.19.2/core-0.19.2.tgz 22535ms (cache miss)
1337 http fetch GET 200 https://cdn.npmmirror.com/packages/%40eslint-community/regexpp/4.12.2/regexpp-4.12.2.tgz 22535ms (cache miss)
1338 http fetch GET 200 https://cdn.npmmirror.com/packages/%40eslint/core/0.17.0/core-0.17.0.tgz 22547ms (cache miss)
1339 http fetch GET 200 https://cdn.npmmirror.com/packages/%40oxc-project/types/0.130.0/types-0.130.0.tgz 22569ms (cache miss)
1340 http fetch GET 200 https://cdn.npmmirror.com/packages/array-includes/3.1.9/array-includes-3.1.9.tgz 22592ms (cache miss)
1341 http fetch GET 200 https://cdn.npmmirror.com/packages/%40esbuild-kit/esm-loader/2.6.5/esm-loader-2.6.5.tgz 22577ms (cache miss)
1342 http fetch GET 200 https://cdn.npmmirror.com/packages/%40esbuild-kit/core-utils/3.3.2/core-utils-3.3.2.tgz 22576ms (cache miss)
1343 warn deprecated @esbuild-kit/core-utils@3.3.2: Merged into tsx: https://tsx.is
1344 warn deprecated @esbuild-kit/esm-loader@2.6.5: Merged into tsx: https://tsx.is
1345 http fetch GET 200 https://cdn.npmmirror.com/packages/%40humanfs/node/0.16.8/node-0.16.8.tgz 22601ms (cache miss)
1346 http fetch GET 200 https://cdn.npmmirror.com/packages/es-module-lexer/2.1.0/es-module-lexer-2.1.0.tgz 22644ms (cache miss)
1347 http fetch GET 200 https://cdn.npmmirror.com/packages/%40cloudflare/kv-asset-handler/0.5.0/kv-asset-handler-0.5.0.tgz 22604ms (cache miss)
1348 http fetch GET 200 https://cdn.npmmirror.com/packages/%40speed-highlight/core/1.2.15/core-1.2.15.tgz 22720ms (cache miss)
1349 http fetch GET 200 https://cdn.npmmirror.com/packages/%40drizzle-team/brocli/0.10.2/brocli-0.10.2.tgz 22726ms (cache miss)
1350 http fetch GET 200 https://cdn.npmmirror.com/packages/%40typescript-eslint/scope-manager/8.59.3/scope-manager-8.59.3.tgz 22748ms (cache miss)
1351 http fetch GET 200 https://cdn.npmmirror.com/packages/%40babel/template/7.28.6/template-7.28.6.tgz 22736ms (cache miss)
1352 http fetch GET 200 https://cdn.npmmirror.com/packages/%40babel/traverse/7.29.0/traverse-7.29.0.tgz 22736ms (cache miss)
1353 http fetch GET 200 https://cdn.npmmirror.com/packages/%40cloudflare/unenv-preset/2.16.1/unenv-preset-2.16.1.tgz 22760ms (cache miss)
1354 http fetch GET 200 https://cdn.npmmirror.com/packages/%40babel/helper-validator-option/7.27.1/helper-validator-option-7.27.1.tgz 22817ms (cache miss)
1355 http fetch GET 200 https://cdn.npmmirror.com/packages/%40babel/helper-validator-identifier/7.28.5/helper-validator-identifier-7.28.5.tgz 22836ms (cache miss)
1356 http fetch GET 200 https://cdn.npmmirror.com/packages/%40babel/helper-module-imports/7.28.6/helper-module-imports-7.28.6.tgz 22860ms (cache miss)
1357 http fetch GET 200 https://cdn.npmmirror.com/packages/%40tailwindcss/oxide-win32-x64-msvc/4.2.1/oxide-win32-x64-msvc-4.2.1.tgz 22884ms (cache miss)
1358 http fetch GET 200 https://cdn.npmmirror.com/packages/%40babel/helper-string-parser/7.27.1/helper-string-parser-7.27.1.tgz 22875ms (cache miss)
1359 http fetch GET 200 https://cdn.npmmirror.com/packages/%40babel/helper-globals/7.28.0/helper-globals-7.28.0.tgz 22904ms (cache miss)
1360 http fetch GET 200 https://cdn.npmmirror.com/packages/%40babel/helper-compilation-targets/7.28.6/helper-compilation-targets-7.28.6.tgz 22935ms (cache miss)
1361 http fetch GET 200 https://cdn.npmmirror.com/packages/%40alloc/quick-lru/5.2.0/quick-lru-5.2.0.tgz 22943ms (cache miss)
1362 http fetch GET 200 https://cdn.npmmirror.com/packages/%40babel/parser/7.29.3/parser-7.29.3.tgz 22949ms (cache miss)
1363 http fetch GET 200 https://cdn.npmmirror.com/packages/%40babel/types/7.29.0/types-7.29.0.tgz 22954ms (cache miss)
1364 http fetch GET 200 https://cdn.npmmirror.com/packages/%40typescript-eslint/eslint-plugin/8.59.3/eslint-plugin-8.59.3.tgz 22972ms (cache miss)
1365 http fetch GET 200 https://cdn.npmmirror.com/packages/%40babel/code-frame/7.29.0/code-frame-7.29.0.tgz 22964ms (cache miss)
1366 http fetch GET 200 https://cdn.npmmirror.com/packages/call-bind-apply-helpers/1.0.2/call-bind-apply-helpers-1.0.2.tgz 23021ms (cache miss)
1367 http fetch GET 200 https://cdn.npmmirror.com/packages/estraverse/4.3.0/estraverse-4.3.0.tgz 22986ms (cache miss)
1368 http fetch GET 200 https://cdn.npmmirror.com/packages/esbuild/0.27.3/esbuild-0.27.3.tgz 23019ms (cache miss)
1369 http fetch GET 200 https://cdn.npmmirror.com/packages/eslint-scope/5.1.1/eslint-scope-5.1.1.tgz 23024ms (cache miss)
1370 http fetch GET 200 https://cdn.npmmirror.com/packages/%40vinext/types/1.0.0-beta.2/types-1.0.0-beta.2.tgz 23067ms (cache miss)
1371 http fetch GET 200 https://cdn.npmmirror.com/packages/picomatch/4.0.4/picomatch-4.0.4.tgz 23049ms (cache miss)
1372 http fetch GET 200 https://cdn.npmmirror.com/packages/%40babel/helper-module-transforms/7.28.6/helper-module-transforms-7.28.6.tgz 23065ms (cache miss)
1373 http fetch GET 200 https://cdn.npmmirror.com/packages/lightningcss/1.32.0/lightningcss-1.32.0.tgz 23083ms (cache miss)
1374 http fetch GET 200 https://cdn.npmmirror.com/packages/fdir/6.5.0/fdir-6.5.0.tgz 23094ms (cache miss)
1375 http fetch GET 200 https://cdn.npmmirror.com/packages/caniuse-lite/1.0.30001793/caniuse-lite-1.0.30001793.tgz 23142ms (cache miss)
1376 http fetch GET 200 https://cdn.npmmirror.com/packages/%40babel/helpers/7.29.2/helpers-7.29.2.tgz 23120ms (cache miss)
1377 http fetch GET 200 https://cdn.npmmirror.com/packages/%40humanwhocodes/retry/0.4.3/retry-0.4.3.tgz 23152ms (cache miss)
1378 http fetch GET 200 https://cdn.npmmirror.com/packages/es-module-lexer/1.7.0/es-module-lexer-1.7.0.tgz 23140ms (cache miss)
1379 http fetch GET 200 https://cdn.npmmirror.com/packages/json-schema-traverse/1.0.0/json-schema-traverse-1.0.0.tgz 23173ms (cache miss)
1380 http fetch GET 200 https://cdn.npmmirror.com/packages/semver/7.8.0/semver-7.8.0.tgz 23243ms (cache miss)
1381 http fetch GET 200 https://cdn.npmmirror.com/packages/%40cspotcode/source-map-support/0.8.1/source-map-support-0.8.1.tgz 23265ms (cache miss)
1382 http fetch GET 200 https://cdn.npmmirror.com/packages/%40esbuild/win32-x64/0.28.0/win32-x64-0.28.0.tgz 23276ms (cache miss)
1383 http fetch GET 200 https://cdn.npmmirror.com/packages/%40eslint/config-helpers/0.4.2/config-helpers-0.4.2.tgz 23306ms (cache miss)
1384 http fetch GET 200 https://cdn.npmmirror.com/packages/js-tokens/9.0.1/js-tokens-9.0.1.tgz 23326ms (cache miss)
1385 http fetch GET 200 https://cdn.npmmirror.com/packages/glob-parent/5.1.2/glob-parent-5.1.2.tgz 23333ms (cache miss)
1386 http fetch GET 200 https://cdn.npmmirror.com/packages/glob-parent/5.1.2/glob-parent-5.1.2.tgz 23354ms (cache miss)
1387 http fetch GET 200 https://cdn.npmmirror.com/packages/picomatch/4.0.4/picomatch-4.0.4.tgz 23397ms (cache miss)
1388 http fetch GET 200 https://cdn.npmmirror.com/packages/supports-color/8.1.1/supports-color-8.1.1.tgz 23425ms (cache miss)
1389 http fetch GET 200 https://cdn.npmmirror.com/packages/%40eslint/object-schema/2.1.7/object-schema-2.1.7.tgz 23469ms (cache miss)
1390 http fetch GET 200 https://cdn.npmmirror.com/packages/ajv-keywords/5.1.0/ajv-keywords-5.1.0.tgz 23468ms (cache miss)
1391 http fetch GET 200 https://cdn.npmmirror.com/packages/json-schema-traverse/1.0.0/json-schema-traverse-1.0.0.tgz 23468ms (cache miss)
1392 http fetch GET 200 https://cdn.npmmirror.com/packages/fast-glob/3.3.3/fast-glob-3.3.3.tgz 23553ms (cache miss)
1393 http fetch GET 200 https://cdn.npmmirror.com/packages/%40cloudflare/vite-plugin/1.37.1/vite-plugin-1.37.1.tgz 23607ms (cache miss)
1394 http fetch GET 200 https://cdn.npmmirror.com/packages/ignore/7.0.5/ignore-7.0.5.tgz 23639ms (cache miss)
1395 http fetch GET 200 https://cdn.npmmirror.com/packages/esbuild/0.25.12/esbuild-0.25.12.tgz 23689ms (cache miss)
1396 http fetch GET 200 https://cdn.npmmirror.com/packages/%40vercel/og/0.8.6/og-0.8.6.tgz 23761ms (cache miss)
1397 http fetch GET 200 https://cdn.npmmirror.com/packages/%40esbuild/win32-x64/0.25.12/win32-x64-0.25.12.tgz 23744ms (cache miss)
1398 http fetch GET 200 https://cdn.npmmirror.com/packages/semver/7.8.0/semver-7.8.0.tgz 23779ms (cache miss)
1399 http fetch GET 200 https://cdn.npmmirror.com/packages/supports-color/10.2.2/supports-color-10.2.2.tgz 23780ms (cache miss)
1400 http fetch GET 200 https://cdn.npmmirror.com/packages/eslint-visitor-keys/3.4.3/eslint-visitor-keys-3.4.3.tgz 23783ms (cache miss)
1401 http fetch GET 200 https://cdn.npmmirror.com/packages/esbuild/0.18.20/esbuild-0.18.20.tgz 23832ms (cache miss)
1402 http fetch GET 200 https://cdn.npmmirror.com/packages/%40jridgewell/trace-mapping/0.3.9/trace-mapping-0.3.9.tgz 23886ms (cache miss)
1403 http fetch GET 200 https://cdn.npmmirror.com/packages/lightningcss-win32-x64-msvc/1.32.0/lightningcss-win32-x64-msvc-1.32.0.tgz 23902ms (cache miss)
1404 http fetch GET 200 https://cdn.npmmirror.com/packages/eslint-visitor-keys/5.0.1/eslint-visitor-keys-5.0.1.tgz 23899ms (cache miss)
1405 http fetch GET 200 https://cdn.npmmirror.com/packages/%40rolldown/pluginutils/1.0.0-rc.18/pluginutils-1.0.0-rc.18.tgz 23911ms (cache miss)
1406 http fetch GET 200 https://cdn.npmmirror.com/packages/brace-expansion/5.0.6/brace-expansion-5.0.6.tgz 23934ms (cache miss)
1407 http fetch GET 200 https://cdn.npmmirror.com/packages/balanced-match/4.0.4/balanced-match-4.0.4.tgz 23975ms (cache miss)
1408 http fetch GET 200 https://cdn.npmmirror.com/packages/%40babel/compat-data/7.29.3/compat-data-7.29.3.tgz 23983ms (cache miss)
1409 http fetch GET 200 https://cdn.npmmirror.com/packages/%40babel/core/7.29.0/core-7.29.0.tgz 23991ms (cache miss)
1410 http fetch GET 200 https://cdn.npmmirror.com/packages/%40eslint-community/eslint-utils/4.9.1/eslint-utils-4.9.1.tgz 24000ms (cache miss)
1411 http fetch GET 200 https://cdn.npmmirror.com/packages/%40eslint/config-array/0.21.2/config-array-0.21.2.tgz 24014ms (cache miss)
1412 http fetch GET 200 https://cdn.npmmirror.com/packages/globals/14.0.0/globals-14.0.0.tgz 24008ms (cache miss)
1413 http fetch GET 200 https://cdn.npmmirror.com/packages/%40eslint/eslintrc/3.3.5/eslintrc-3.3.5.tgz 24042ms (cache miss)
1414 http fetch GET 200 https://cdn.npmmirror.com/packages/%40typescript-eslint/type-utils/8.59.3/type-utils-8.59.3.tgz 24060ms (cache miss)
1415 http fetch GET 200 https://cdn.npmmirror.com/packages/data-view-buffer/1.0.2/data-view-buffer-1.0.2.tgz 24087ms (cache miss)
1416 http fetch GET 200 https://cdn.npmmirror.com/packages/es-abstract/1.24.2/es-abstract-1.24.2.tgz 24184ms (cache miss)
1417 http fetch GET 200 https://cdn.npmmirror.com/packages/ajv/8.20.0/ajv-8.20.0.tgz 24189ms (cache miss)
1418 http fetch GET 200 https://cdn.npmmirror.com/packages/ajv/8.20.0/ajv-8.20.0.tgz 24334ms (cache miss)
1419 http fetch GET 200 https://cdn.npmmirror.com/packages/%40img/sharp-win32-x64/0.34.5/sharp-win32-x64-0.34.5.tgz 24547ms (cache miss)
1420 http fetch GET 200 https://cdn.npmmirror.com/packages/%40esbuild/win32-x64/0.27.3/win32-x64-0.27.3.tgz 24540ms (cache miss)
1421 http fetch GET 200 https://cdn.npmmirror.com/packages/%40rolldown/binding-win32-x64-msvc/1.0.1/binding-win32-x64-msvc-1.0.1.tgz 24633ms (cache miss)
1422 http fetch GET 200 https://cdn.npmmirror.com/packages/drizzle-orm/0.45.2/drizzle-orm-0.45.2.tgz 24828ms (cache miss)
1423 http fetch GET 200 https://cdn.npmmirror.com/packages/magic-string/0.30.21/magic-string-0.30.21.tgz 25042ms (cache miss)
1424 http fetch GET 200 https://cdn.npmmirror.com/packages/%40babel/generator/7.29.1/generator-7.29.1.tgz 25119ms (cache miss)
1425 http fetch GET 200 https://cdn.npmmirror.com/packages/%40esbuild/win32-x64/0.18.20/win32-x64-0.18.20.tgz 25978ms (cache miss)
1426 http fetch GET 200 https://cdn.npmmirror.com/packages/%40cloudflare/workerd-windows-64/1.20260515.1/workerd-windows-64-1.20260515.1.tgz 26979ms (cache miss)
1427 http fetch GET 200 https://cdn.npmmirror.com/packages/vinext/1.0.0-beta.2/vinext-1.0.0-beta.2.tgz 27111ms (cache miss)
1428 http fetch GET 200 https://cdn.npmmirror.com/packages/vite-plugin-commonjs/0.10.4/vite-plugin-commonjs-0.10.4.tgz 27532ms (cache miss)
1429 http fetch GET 200 https://cdn.npmmirror.com/packages/yallist/3.1.1/yallist-3.1.1.tgz 30039ms (cache miss)
1430 http fetch GET 200 https://cdn.npmmirror.com/packages/minimatch/10.2.5/minimatch-10.2.5.tgz 32366ms (cache miss)
1431 http fetch GET 200 https://cdn.npmmirror.com/packages/zod/4.4.3/zod-4.4.3.tgz 35330ms (cache miss)
1432 silly ADD node_modules/zod-validation-error
1433 silly ADD node_modules/zod
1434 silly ADD node_modules/youch-core
1435 silly ADD node_modules/youch
1436 silly ADD node_modules/yoga-layout
1437 silly ADD node_modules/yocto-queue
1438 silly ADD node_modules/yallist
1439 silly ADD node_modules/ws
1440 silly ADD node_modules/wrangler
1441 silly ADD node_modules/wrangler/node_modules/esbuild
1442 silly ADD node_modules/wrangler/node_modules/@esbuild/win32-x64
1443 silly ADD node_modules/workerd
1444 silly ADD node_modules/word-wrap
1445 silly ADD node_modules/which-typed-array
1446 silly ADD node_modules/which-collection
1447 silly ADD node_modules/which-builtin-type
1448 silly ADD node_modules/which-boxed-primitive
1449 silly ADD node_modules/which
1450 silly ADD node_modules/webpack-sources
1451 silly ADD node_modules/webpack
1452 silly ADD node_modules/webpack/node_modules/estraverse
1453 silly ADD node_modules/webpack/node_modules/eslint-scope
1454 silly ADD node_modules/web-vitals
1455 silly ADD node_modules/watchpack
1456 silly ADD node_modules/vitefu
1457 silly ADD node_modules/vite-plugin-dynamic-import
1458 silly ADD node_modules/vite-plugin-dynamic-import/node_modules/glob-parent
1459 silly ADD node_modules/vite-plugin-dynamic-import/node_modules/fast-glob
1460 silly ADD node_modules/vite-plugin-dynamic-import/node_modules/es-module-lexer
1461 silly ADD node_modules/vite-plugin-commonjs
1462 silly ADD node_modules/vite
1463 silly ADD node_modules/vite/node_modules/picomatch
1464 silly ADD node_modules/vite/node_modules/lightningcss-win32-x64-msvc
1465 silly ADD node_modules/vite/node_modules/lightningcss
1466 silly ADD node_modules/vinext
1467 silly ADD node_modules/uri-js
1468 silly ADD node_modules/update-browserslist-db
1469 silly ADD node_modules/unpic
1470 silly ADD node_modules/unicode-trie
1471 silly ADD node_modules/unenv
1472 silly ADD node_modules/undici-types
1473 silly ADD node_modules/undici
1474 silly ADD node_modules/unbox-primitive
1475 silly ADD node_modules/typescript-eslint
1476 silly ADD node_modules/typescript
1477 silly ADD node_modules/typed-array-length
1478 silly ADD node_modules/typed-array-byte-offset
1479 silly ADD node_modules/typed-array-byte-length
1480 silly ADD node_modules/typed-array-buffer
1481 silly ADD node_modules/type-check
1482 silly ADD node_modules/turbo-stream
1483 silly ADD node_modules/tsx
1484 silly ADD node_modules/ts-api-utils
1485 silly ADD node_modules/to-regex-range
1486 silly ADD node_modules/tinyglobby
1487 silly ADD node_modules/tinyglobby/node_modules/picomatch
1488 silly ADD node_modules/tinyglobby/node_modules/fdir
1489 silly ADD node_modules/tiny-inflate
1490 silly ADD node_modules/terser-webpack-plugin
1491 silly ADD node_modules/terser
1492 silly ADD node_modules/tapable
1493 silly ADD node_modules/tailwindcss
1494 silly ADD node_modules/supports-preserve-symlinks-flag
1495 silly ADD node_modules/supports-color
1496 silly ADD node_modules/strip-literal
1497 silly ADD node_modules/strip-literal/node_modules/js-tokens
1498 silly ADD node_modules/strip-json-comments
1499 silly ADD node_modules/string.prototype.trimstart
1500 silly ADD node_modules/string.prototype.trimend
1501 silly ADD node_modules/string.prototype.trim
1502 silly ADD node_modules/string.prototype.repeat
1503 silly ADD node_modules/string.prototype.matchall
1504 silly ADD node_modules/string.prototype.includes
1505 silly ADD node_modules/string.prototype.codepointat
1506 silly ADD node_modules/stop-iteration-iterator
1507 silly ADD node_modules/srvx
1508 silly ADD node_modules/source-map-support
1509 silly ADD node_modules/source-map-js
1510 silly ADD node_modules/source-map
1511 silly ADD node_modules/side-channel-weakmap
1512 silly ADD node_modules/side-channel-map
1513 silly ADD node_modules/side-channel-list
1514 silly ADD node_modules/side-channel
1515 silly ADD node_modules/shebang-regex
1516 silly ADD node_modules/shebang-command
1517 silly ADD node_modules/sharp
1518 silly ADD node_modules/sharp/node_modules/semver
1519 silly ADD node_modules/set-proto
1520 silly ADD node_modules/set-function-name
1521 silly ADD node_modules/set-function-length
1522 silly ADD node_modules/semver
1523 silly ADD node_modules/schema-utils
1524 silly ADD node_modules/schema-utils/node_modules/json-schema-traverse
1525 silly ADD node_modules/schema-utils/node_modules/ajv-keywords
1526 silly ADD node_modules/schema-utils/node_modules/ajv
1527 silly ADD node_modules/scheduler
1528 silly ADD node_modules/satori
1529 silly ADD node_modules/safe-regex-test
1530 silly ADD node_modules/safe-push-apply
1531 silly ADD node_modules/safe-array-concat
1532 silly ADD node_modules/run-parallel
1533 silly ADD node_modules/rolldown
1534 silly ADD node_modules/reusify
1535 silly ADD node_modules/resolve-pkg-maps
1536 silly ADD node_modules/resolve-from
1537 silly ADD node_modules/resolve
1538 silly ADD node_modules/require-from-string
1539 silly ADD node_modules/regexp.prototype.flags
1540 silly ADD node_modules/reflect.getprototypeof
1541 silly ADD node_modules/react-server-dom-webpack
1542 silly ADD node_modules/react-loading-skeleton
1543 silly ADD node_modules/react-is
1544 silly ADD node_modules/react-dom
1545 silly ADD node_modules/react
1546 silly ADD node_modules/queue-microtask
1547 silly ADD node_modules/punycode
1548 silly ADD node_modules/prop-types
1549 silly ADD node_modules/prelude-ls
1550 silly ADD node_modules/postcss-value-parser
1551 silly ADD node_modules/postcss
1552 silly ADD node_modules/possible-typed-array-names
1553 silly ADD node_modules/picomatch
1554 silly ADD node_modules/picocolors
1555 silly ADD node_modules/pathe
1556 silly ADD node_modules/path-to-regexp
1557 silly ADD node_modules/path-parse
1558 silly ADD node_modules/path-key
1559 silly ADD node_modules/path-exists
1560 silly ADD node_modules/parse-css-color
1561 silly ADD node_modules/parent-module
1562 silly ADD node_modules/pako
1563 silly ADD node_modules/p-locate
1564 silly ADD node_modules/p-limit
1565 silly ADD node_modules/own-keys
1566 silly ADD node_modules/optionator
1567 silly ADD node_modules/object.values
1568 silly ADD node_modules/object.fromentries
1569 silly ADD node_modules/object.entries
1570 silly ADD node_modules/object.assign
1571 silly ADD node_modules/object-keys
1572 silly ADD node_modules/object-inspect
1573 silly ADD node_modules/object-assign
1574 silly ADD node_modules/node-releases
1575 silly ADD node_modules/node-exports-info
1576 silly ADD node_modules/neo-async
1577 silly ADD node_modules/natural-compare
1578 silly ADD node_modules/nanoid
1579 silly ADD node_modules/ms
1580 silly ADD node_modules/minimatch
1581 silly ADD node_modules/miniflare
1582 silly ADD node_modules/mime-db
1583 silly ADD node_modules/micromatch
1584 silly ADD node_modules/merge2
1585 silly ADD node_modules/merge-stream
1586 silly ADD node_modules/math-intrinsics
1587 silly ADD node_modules/magic-string
1588 silly ADD node_modules/lru-cache
1589 silly ADD node_modules/loose-envify
1590 silly ADD node_modules/lodash.merge
1591 silly ADD node_modules/locate-path
1592 silly ADD node_modules/loader-runner
1593 silly ADD node_modules/linebreak
1594 silly ADD node_modules/lightningcss-win32-x64-msvc
1595 silly ADD node_modules/lightningcss
1596 silly ADD node_modules/levn
1597 silly ADD node_modules/language-tags
1598 silly ADD node_modules/language-subtag-registry
1599 silly ADD node_modules/kleur
1600 silly ADD node_modules/keyv
1601 silly ADD node_modules/jsx-ast-utils
1602 silly ADD node_modules/json5
1603 silly ADD node_modules/json-stable-stringify-without-jsonify
1604 silly ADD node_modules/json-schema-traverse
1605 silly ADD node_modules/json-buffer
1606 silly ADD node_modules/jsesc
1607 silly ADD node_modules/js-yaml
1608 silly ADD node_modules/js-tokens
1609 silly ADD node_modules/jiti
1610 silly ADD node_modules/jest-worker
1611 silly ADD node_modules/jest-worker/node_modules/supports-color
1612 silly ADD node_modules/iterator.prototype
1613 silly ADD node_modules/isexe
1614 silly ADD node_modules/isarray
1615 silly ADD node_modules/is-weakset
1616 silly ADD node_modules/is-weakref
1617 silly ADD node_modules/is-weakmap
1618 silly ADD node_modules/is-typed-array
1619 silly ADD node_modules/is-symbol
1620 silly ADD node_modules/is-string
1621 silly ADD node_modules/is-shared-array-buffer
1622 silly ADD node_modules/is-set
1623 silly ADD node_modules/is-regex
1624 silly ADD node_modules/is-number-object
1625 silly ADD node_modules/is-number
1626 silly ADD node_modules/is-negative-zero
1627 silly ADD node_modules/is-map
1628 silly ADD node_modules/is-glob
1629 silly ADD node_modules/is-generator-function
1630 silly ADD node_modules/is-finalizationregistry
1631 silly ADD node_modules/is-extglob
1632 silly ADD node_modules/is-date-object
1633 silly ADD node_modules/is-data-view
1634 silly ADD node_modules/is-core-module
1635 silly ADD node_modules/is-callable
1636 silly ADD node_modules/is-boolean-object
1637 silly ADD node_modules/is-bigint
1638 silly ADD node_modules/is-async-function
1639 silly ADD node_modules/is-array-buffer
1640 silly ADD node_modules/ipaddr.js
1641 silly ADD node_modules/internal-slot
1642 silly ADD node_modules/imurmurhash
1643 silly ADD node_modules/import-fresh
1644 silly ADD node_modules/image-size
1645 silly ADD node_modules/ignore
1646 silly ADD node_modules/hex-rgb
1647 silly ADD node_modules/hermes-parser
1648 silly ADD node_modules/hermes-estree
1649 silly ADD node_modules/hasown
1650 silly ADD node_modules/has-tostringtag
1651 silly ADD node_modules/has-symbols
1652 silly ADD node_modules/has-proto
1653 silly ADD node_modules/has-property-descriptors
1654 silly ADD node_modules/has-flag
1655 silly ADD node_modules/has-bigints
1656 silly ADD node_modules/graceful-fs
1657 silly ADD node_modules/gopd
1658 silly ADD node_modules/globalthis
1659 silly ADD node_modules/globals
1660 silly ADD node_modules/glob-to-regexp
1661 silly ADD node_modules/glob-parent
1662 silly ADD node_modules/get-tsconfig
1663 silly ADD node_modules/get-symbol-description
1664 silly ADD node_modules/get-proto
1665 silly ADD node_modules/get-intrinsic
1666 silly ADD node_modules/gensync
1667 silly ADD node_modules/generator-function
1668 silly ADD node_modules/functions-have-names
1669 silly ADD node_modules/function.prototype.name
1670 silly ADD node_modules/function-bind
1671 silly ADD node_modules/for-each
1672 silly ADD node_modules/flatted
1673 silly ADD node_modules/flat-cache
1674 silly ADD node_modules/find-up
1675 silly ADD node_modules/fill-range
1676 silly ADD node_modules/file-entry-cache
1677 silly ADD node_modules/fflate
1678 silly ADD node_modules/fastq
1679 silly ADD node_modules/fast-uri
1680 silly ADD node_modules/fast-levenshtein
1681 silly ADD node_modules/fast-json-stable-stringify
1682 silly ADD node_modules/fast-glob
1683 silly ADD node_modules/fast-glob/node_modules/glob-parent
1684 silly ADD node_modules/fast-deep-equal
1685 silly ADD node_modules/events
1686 silly ADD node_modules/esutils
1687 silly ADD node_modules/estree-walker
1688 silly ADD node_modules/estraverse
1689 silly ADD node_modules/esrecurse
1690 silly ADD node_modules/esquery
1691 silly ADD node_modules/espree
1692 silly ADD node_modules/eslint-visitor-keys
1693 silly ADD node_modules/eslint-scope
1694 silly ADD node_modules/eslint-plugin-react-hooks
1695 silly ADD node_modules/eslint-plugin-react
1696 silly ADD node_modules/eslint-plugin-jsx-a11y
1697 silly ADD node_modules/eslint
1698 silly ADD node_modules/escape-string-regexp
1699 silly ADD node_modules/escape-html
1700 silly ADD node_modules/escalade
1701 silly ADD node_modules/esbuild
1702 silly ADD node_modules/es-to-primitive
1703 silly ADD node_modules/es-shim-unscopables
1704 silly ADD node_modules/es-set-tostringtag
1705 silly ADD node_modules/es-object-atoms
1706 silly ADD node_modules/es-module-lexer
1707 silly ADD node_modules/es-iterator-helpers
1708 silly ADD node_modules/es-errors
1709 silly ADD node_modules/es-define-property
1710 silly ADD node_modules/es-abstract
1711 silly ADD node_modules/error-stack-parser-es
1712 silly ADD node_modules/enhanced-resolve
1713 silly ADD node_modules/emoji-regex-xs
1714 silly ADD node_modules/emoji-regex
1715 silly ADD node_modules/electron-to-chromium
1716 silly ADD node_modules/dunder-proto
1717 silly ADD node_modules/drizzle-orm
1718 silly ADD node_modules/drizzle-kit
1719 silly ADD node_modules/drizzle-kit/node_modules/esbuild
1720 silly ADD node_modules/drizzle-kit/node_modules/@esbuild/win32-x64
1721 silly ADD node_modules/doctrine
1722 silly ADD node_modules/detect-libc
1723 silly ADD node_modules/define-properties
1724 silly ADD node_modules/define-data-property
1725 silly ADD node_modules/deep-is
1726 silly ADD node_modules/debug
1727 silly ADD node_modules/data-view-byte-offset
1728 silly ADD node_modules/data-view-byte-length
1729 silly ADD node_modules/data-view-buffer
1730 silly ADD node_modules/damerau-levenshtein
1731 silly ADD node_modules/csstype
1732 silly ADD node_modules/css-to-react-native
1733 silly ADD node_modules/css-gradient-parser
1734 silly ADD node_modules/css-color-keywords
1735 silly ADD node_modules/css-box-shadow
1736 silly ADD node_modules/css-background-parser
1737 silly ADD node_modules/cross-spawn
1738 silly ADD node_modules/cookie
1739 silly ADD node_modules/convert-source-map
1740 silly ADD node_modules/concat-map
1741 silly ADD node_modules/commander
1742 silly ADD node_modules/color-name
1743 silly ADD node_modules/color-convert
1744 silly ADD node_modules/chrome-trace-event
1745 silly ADD node_modules/chalk
1746 silly ADD node_modules/caniuse-lite
1747 silly ADD node_modules/camelize
1748 silly ADD node_modules/callsites
1749 silly ADD node_modules/call-bound
1750 silly ADD node_modules/call-bind-apply-helpers
1751 silly ADD node_modules/call-bind
1752 silly ADD node_modules/buffer-from
1753 silly ADD node_modules/browserslist
1754 silly ADD node_modules/braces
1755 silly ADD node_modules/brace-expansion
1756 silly ADD node_modules/blake3-wasm
1757 silly ADD node_modules/baseline-browser-mapping
1758 silly ADD node_modules/base64-js
1759 silly ADD node_modules/balanced-match
1760 silly ADD node_modules/axobject-query
1761 silly ADD node_modules/axe-core
1762 silly ADD node_modules/available-typed-arrays
1763 silly ADD node_modules/async-function
1764 silly ADD node_modules/ast-types-flow
1765 silly ADD node_modules/arraybuffer.prototype.slice
1766 silly ADD node_modules/array.prototype.tosorted
1767 silly ADD node_modules/array.prototype.flatmap
1768 silly ADD node_modules/array.prototype.flat
1769 silly ADD node_modules/array.prototype.findlast
1770 silly ADD node_modules/array-includes
1771 silly ADD node_modules/array-buffer-byte-length
1772 silly ADD node_modules/aria-query
1773 silly ADD node_modules/argparse
1774 silly ADD node_modules/ansi-styles
1775 silly ADD node_modules/ajv-formats
1776 silly ADD node_modules/ajv-formats/node_modules/json-schema-traverse
1777 silly ADD node_modules/ajv-formats/node_modules/ajv
1778 silly ADD node_modules/ajv
1779 silly ADD node_modules/acorn-loose
1780 silly ADD node_modules/acorn-jsx
1781 silly ADD node_modules/acorn-import-phases
1782 silly ADD node_modules/acorn
1783 silly ADD node_modules/@xtuc/long
1784 silly ADD node_modules/@xtuc/ieee754
1785 silly ADD node_modules/@webassemblyjs/wast-printer
1786 silly ADD node_modules/@webassemblyjs/wasm-parser
1787 silly ADD node_modules/@webassemblyjs/wasm-opt
1788 silly ADD node_modules/@webassemblyjs/wasm-gen
1789 silly ADD node_modules/@webassemblyjs/wasm-edit
1790 silly ADD node_modules/@webassemblyjs/utf8
1791 silly ADD node_modules/@webassemblyjs/leb128
1792 silly ADD node_modules/@webassemblyjs/ieee754
1793 silly ADD node_modules/@webassemblyjs/helper-wasm-section
1794 silly ADD node_modules/@webassemblyjs/helper-wasm-bytecode
1795 silly ADD node_modules/@webassemblyjs/helper-numbers
1796 silly ADD node_modules/@webassemblyjs/helper-buffer
1797 silly ADD node_modules/@webassemblyjs/helper-api-error
1798 silly ADD node_modules/@webassemblyjs/floating-point-hex-parser
1799 silly ADD node_modules/@webassemblyjs/ast
1800 silly ADD node_modules/@vitejs/plugin-rsc
1801 silly ADD node_modules/@vitejs/plugin-rsc/node_modules/@rolldown/pluginutils
1802 silly ADD node_modules/@vitejs/plugin-react
1803 silly ADD node_modules/@vinext/types
1804 silly ADD node_modules/@vercel/og
1805 silly ADD node_modules/@unpic/react
1806 silly ADD node_modules/@unpic/core
1807 silly ADD node_modules/@typescript-eslint/visitor-keys
1808 silly ADD node_modules/@typescript-eslint/visitor-keys/node_modules/eslint-visitor-keys
1809 silly ADD node_modules/@typescript-eslint/utils
1810 silly ADD node_modules/@typescript-eslint/typescript-estree
1811 silly ADD node_modules/@typescript-eslint/typescript-estree/node_modules/semver
1812 silly ADD node_modules/@typescript-eslint/typescript-estree/node_modules/minimatch
1813 silly ADD node_modules/@typescript-eslint/typescript-estree/node_modules/brace-expansion
1814 silly ADD node_modules/@typescript-eslint/typescript-estree/node_modules/balanced-match
1815 silly ADD node_modules/@typescript-eslint/types
1816 silly ADD node_modules/@typescript-eslint/type-utils
1817 silly ADD node_modules/@typescript-eslint/tsconfig-utils
1818 silly ADD node_modules/@typescript-eslint/scope-manager
1819 silly ADD node_modules/@typescript-eslint/project-service
1820 silly ADD node_modules/@typescript-eslint/parser
1821 silly ADD node_modules/@typescript-eslint/eslint-plugin
1822 silly ADD node_modules/@typescript-eslint/eslint-plugin/node_modules/ignore
1823 silly ADD node_modules/@types/react-dom
1824 silly ADD node_modules/@types/react
1825 silly ADD node_modules/@types/node
1826 silly ADD node_modules/@types/json-schema
1827 silly ADD node_modules/@types/estree
1828 silly ADD node_modules/@types/eslint-scope
1829 silly ADD node_modules/@types/eslint
1830 silly ADD node_modules/@tailwindcss/postcss
1831 silly ADD node_modules/@tailwindcss/oxide-win32-x64-msvc
1832 silly ADD node_modules/@tailwindcss/oxide
1833 silly ADD node_modules/@tailwindcss/node
1834 silly ADD node_modules/@speed-highlight/core
1835 silly ADD node_modules/@sindresorhus/is
1836 silly ADD node_modules/@shuding/opentype.js
1837 silly ADD node_modules/@rolldown/pluginutils
1838 silly ADD node_modules/@rolldown/binding-win32-x64-msvc
1839 silly ADD node_modules/@resvg/resvg-wasm
1840 silly ADD node_modules/@poppinss/exception
1841 silly ADD node_modules/@poppinss/dumper
1842 silly ADD node_modules/@poppinss/dumper/node_modules/supports-color
1843 silly ADD node_modules/@poppinss/colors
1844 silly ADD node_modules/@oxc-project/types
1845 silly ADD node_modules/@openai/sites-vite-plugin
1846 silly ADD node_modules/@nodelib/fs.walk
1847 silly ADD node_modules/@nodelib/fs.stat
1848 silly ADD node_modules/@nodelib/fs.scandir
1849 silly ADD node_modules/@next/eslint-plugin-next
1850 silly ADD node_modules/@jridgewell/trace-mapping
1851 silly ADD node_modules/@jridgewell/sourcemap-codec
1852 silly ADD node_modules/@jridgewell/source-map
1853 silly ADD node_modules/@jridgewell/resolve-uri
1854 silly ADD node_modules/@jridgewell/remapping
1855 silly ADD node_modules/@jridgewell/gen-mapping
1856 silly ADD node_modules/@img/sharp-win32-x64
1857 silly ADD node_modules/@img/colour
1858 silly ADD node_modules/@humanwhocodes/retry
1859 silly ADD node_modules/@humanwhocodes/module-importer
1860 silly ADD node_modules/@humanfs/types
1861 silly ADD node_modules/@humanfs/node
1862 silly ADD node_modules/@humanfs/core
1863 silly ADD node_modules/@eslint/plugin-kit
1864 silly ADD node_modules/@eslint/object-schema
1865 silly ADD node_modules/@eslint/js
1866 silly ADD node_modules/@eslint/eslintrc
1867 silly ADD node_modules/@eslint/eslintrc/node_modules/globals
1868 silly ADD node_modules/@eslint/core
1869 silly ADD node_modules/@eslint/config-helpers
1870 silly ADD node_modules/@eslint/config-array
1871 silly ADD node_modules/@eslint-community/regexpp
1872 silly ADD node_modules/@eslint-community/eslint-utils
1873 silly ADD node_modules/@eslint-community/eslint-utils/node_modules/eslint-visitor-keys
1874 silly ADD node_modules/@esbuild/win32-x64
1875 silly ADD node_modules/@esbuild-kit/esm-loader
1876 silly ADD node_modules/@esbuild-kit/core-utils
1877 silly ADD node_modules/@esbuild-kit/core-utils/node_modules/esbuild
1878 silly ADD node_modules/@esbuild-kit/core-utils/node_modules/@esbuild/win32-x64
1879 silly ADD node_modules/@drizzle-team/brocli
1880 silly ADD node_modules/@cspotcode/source-map-support
1881 silly ADD node_modules/@cspotcode/source-map-support/node_modules/@jridgewell/trace-mapping
1882 silly ADD node_modules/@cloudflare/workerd-windows-64
1883 silly ADD node_modules/@cloudflare/vite-plugin
1884 silly ADD node_modules/@cloudflare/unenv-preset
1885 silly ADD node_modules/@cloudflare/kv-asset-handler
1886 silly ADD node_modules/@babel/types
1887 silly ADD node_modules/@babel/traverse
1888 silly ADD node_modules/@babel/template
1889 silly ADD node_modules/@babel/parser
1890 silly ADD node_modules/@babel/helpers
1891 silly ADD node_modules/@babel/helper-validator-option
1892 silly ADD node_modules/@babel/helper-validator-identifier
1893 silly ADD node_modules/@babel/helper-string-parser
1894 silly ADD node_modules/@babel/helper-module-transforms
1895 silly ADD node_modules/@babel/helper-module-imports
1896 silly ADD node_modules/@babel/helper-globals
1897 silly ADD node_modules/@babel/helper-compilation-targets
1898 silly ADD node_modules/@babel/generator
1899 silly ADD node_modules/@babel/core
1900 silly ADD node_modules/@babel/compat-data
1901 silly ADD node_modules/@babel/code-frame
1902 silly ADD node_modules/@alloc/quick-lru
1903 verbose cwd D:\工作资料\code\sysSpaider\gakuran-site
1904 verbose os Windows_NT 10.0.19044
1905 verbose node v24.19.0
1906 verbose npm  v12.0.2
1907 verbose exit 0
1908 info ok
